turbine_id,farm_id,timestamp,received_at,power_output_kw,wind_speed_ms,rotor_rpm,blade_pitch_deg,gearbox_temp_c
TURB001,FARM01,2026-01-01T00:00:00Z,2026-01-01T00:02:00Z,2331.2,8.0,14.0,3.6,81.6
TURB001,FARM01,2026-01-01T00:05:00Z,2026-01-01T00:07:00Z,1966.7,6.8,12.0,4.0,80.1
TURB001,FARM01,2026-01-01T00:10:00Z,2026-01-01T00:12:00Z,2096.3,7.2,12.3,4.1,78.0
TURB001,FARM01,2026-01-01T00:15:00Z,2026-01-01T00:22:00Z,2099.5,7.5,13.7,4.5,80.2
TURB001,FARM01,2026-01-01T00:20:00Z,2026-01-01T00:22:00Z,1965.9,6.8,11.7,5.0,78.2
TURB001,FARM01,2026-01-01T00:25:00Z,2026-01-01T00:27:00Z,2061.9,7.4,12.7,4.7,79.5
TURB001,FARM01,2026-01-01T00:30:00Z,2026-01-01T00:37:00Z,2174.0,7.6,13.1,4.4,80.1
TURB001,FARM01,2026-01-01T00:35:00Z,2026-01-01T00:36:00Z,1868.6,6.3,13.3,4.6,79.0
TURB001,FARM01,2026-01-01T00:40:00Z,2026-01-01T00:58:00Z,1785.9,6.2,11.5,4.9,78.0
TURB001,FARM01,2026-01-01T00:45:00Z,2026-01-01T00:49:00Z,2130.7,7.1,13.7,4.8,79.3
TURB001,FARM01,2026-01-01T00:50:00Z,2026-01-01T00:54:00Z,2063.4,7.6,12.8,3.6,78.3
TURB001,FARM01,2026-01-01T00:55:00Z,2026-01-01T00:57:00Z,2318.3,8.1,13.9,3.8,80.1
TURB001,FARM01,2026-01-01T01:00:00Z,2026-01-01T01:01:00Z,1878.4,6.2,12.7,4.7,80.7
TURB001,FARM01,2026-01-01T01:05:00Z,2026-01-01T01:09:00Z,2149.8,7.2,12.8,3.5,79.2
TURB001,FARM01,2026-01-01T01:10:00Z,2026-01-01T01:11:00Z,1893.7,6.4,11.8,4.6,76.4
TURB001,FARM01,2026-01-01T01:15:00Z,2026-01-01T01:17:00Z,2346.9,8.2,13.5,3.1,81.5
TURB001,FARM01,2026-01-01T01:20:00Z,2026-01-01T01:22:00Z,1954.3,6.5,13.1,4.4,79.1
TURB001,FARM01,2026-01-01T01:25:00Z,2026-01-01T01:43:00Z,2189.0,7.5,12.8,4.3,79.3
TURB001,FARM01,2026-01-01T01:30:00Z,2026-01-01T01:32:00Z,1756.2,6.1,11.6,4.4,78.1
TURB001,FARM01,2026-01-01T01:35:00Z,2026-01-01T01:42:00Z,1725.9,5.9,12.4,4.1,77.4
TURB001,FARM01,2026-01-01T01:40:00Z,2026-01-01T01:58:00Z,1721.6,6.0,11.6,5.0,76.6
TURB001,FARM01,2026-01-01T01:45:00Z,2026-01-01T01:52:00Z,1926.5,6.5,12.3,4.3,77.3
TURB001,FARM01,2026-01-01T01:50:00Z,2026-01-01T01:51:00Z,2075.1,6.9,12.6,4.7,80.1
TURB001,FARM01,2026-01-01T01:55:00Z,2026-01-01T02:13:00Z,1795.5,6.1,12.6,5.2,77.8
TURB001,FARM01,2026-01-01T02:00:00Z,2026-01-01T02:01:00Z,1757.2,6.3,11.6,4.5,79.3
TURB001,FARM01,2026-01-01T02:10:00Z,2026-01-01T02:12:00Z,1954.6,6.1,13.2,5.2,82.2
TURB001,FARM01,2026-01-01T02:15:00Z,2026-01-01T02:26:00Z,1819.7,6.4,12.3,4.1,78.5
TURB001,FARM01,2026-01-01T02:20:00Z,2026-01-01T02:38:00Z,1765.3,6.0,11.9,5.4,79.4
TURB001,FARM01,2026-01-01T02:25:00Z,2026-01-01T02:32:00Z,1880.5,6.4,11.9,5.3,78.6
TURB001,FARM01,2026-01-01T02:35:00Z,2026-01-01T02:36:00Z,1816.3,6.3,12.4,4.6,80.5
TURB001,FARM01,2026-01-01T02:45:00Z,2026-01-01T02:47:00Z,2220.5,8.2,12.6,3.0,80.8
TURB001,FARM01,2026-01-01T02:50:00Z,2026-01-01T02:57:00Z,2109.6,7.6,12.1,3.3,79.3
TURB001,FARM01,2026-01-01T02:55:00Z,2026-01-01T02:59:00Z,2295.0,8.5,13.0,3.9,79.1
TURB001,FARM01,2026-01-01T03:00:00Z,2026-01-01T03:01:00Z,2179.2,7.4,13.8,4.8,79.5
TURB001,FARM01,2026-01-01T03:05:00Z,2026-01-01T03:07:00Z,1944.8,6.5,11.8,4.1,79.9
TURB001,FARM01,2026-01-01T03:10:00Z,2026-01-01T03:11:00Z,2058.0,7.3,12.2,4.7,79.5
TURB001,FARM01,2026-01-01T03:15:00Z,2026-01-01T03:19:00Z,2312.6,8.0,13.4,4.5,79.2
TURB001,FARM01,2026-01-01T03:20:00Z,2026-01-01T03:27:00Z,1938.7,6.8,11.8,4.4,77.1
TURB001,FARM01,2026-01-01T03:25:00Z,2026-01-01T03:26:00Z,2106.1,7.0,13.0,3.9,80.0
TURB001,FARM01,2026-01-01T03:30:00Z,2026-01-01T03:34:00Z,2012.2,6.8,12.4,4.0,77.1
TURB001,FARM01,2026-01-01T03:35:00Z,2026-01-01T03:37:00Z,1955.8,7.0,12.6,4.6,79.6
TURB001,FARM01,2026-01-01T03:40:00Z,2026-01-01T03:44:00Z,2215.7,8.0,14.0,3.9,80.3
TURB001,FARM01,2026-01-01T03:45:00Z,2026-01-01T03:47:00Z,2182.1,7.6,13.9,4.7,79.8
TURB001,FARM01,2026-01-01T03:50:00Z,2026-01-01T03:52:00Z,2379.6,8.4,13.2,3.7,82.0
TURB001,FARM01,2026-01-01T03:55:00Z,2026-01-01T04:05:00Z,2384.3,9.1,13.4,2.8,82.0
TURB001,FARM01,2026-01-01T04:00:00Z,2026-01-01T04:15:00Z,2171.1,7.3,13.7,4.6,81.0
TURB001,FARM01,2026-01-01T04:05:00Z,2026-01-01T04:07:00Z,2114.7,7.3,13.3,3.9,78.8
TURB001,FARM01,2026-01-01T04:10:00Z,2026-01-01T04:11:00Z,2400.5,9.0,13.8,3.0,82.7
TURB001,FARM01,2026-01-01T04:15:00Z,2026-01-01T04:22:00Z,2412.4,8.7,13.5,3.1,79.2
TURB001,FARM01,2026-01-01T04:20:00Z,2026-01-01T04:21:00Z,2442.9,8.7,13.5,4.3,81.1
TURB001,FARM01,2026-01-01T04:25:00Z,2026-01-01T04:36:00Z,2417.9,9.3,13.6,3.3,83.1
TURB001,FARM01,2026-01-01T04:30:00Z,2026-01-01T04:32:00Z,2231.8,8.1,13.9,3.7,83.6
TURB001,FARM01,2026-01-01T04:35:00Z,2026-01-01T04:37:00Z,2257.1,7.9,13.7,3.0,83.0
TURB001,FARM01,2026-01-01T04:40:00Z,2026-01-01T04:41:00Z,2215.6,8.3,12.6,3.9,78.7
TURB001,FARM01,2026-01-01T04:45:00Z,2026-01-01T04:49:00Z,2456.3,9.2,13.6,3.0,80.8
TURB001,FARM01,2026-01-01T04:50:00Z,2026-01-01T04:52:00Z,2427.7,8.9,13.2,3.7,80.0
TURB001,FARM01,2026-01-01T04:55:00Z,2026-01-01T05:06:00Z,2413.7,9.1,13.6,3.4,79.0
TURB001,FARM01,2026-01-01T05:00:00Z,2026-01-01T05:18:00Z,2616.0,9.6,14.4,2.8,82.3
TURB001,FARM01,2026-01-01T05:05:00Z,2026-01-01T05:12:00Z,2615.3,9.7,15.2,3.4,84.5
TURB001,FARM01,2026-01-01T05:10:00Z,2026-01-01T05:12:00Z,2350.5,8.0,14.2,3.4,81.4
TURB001,FARM01,2026-01-01T05:15:00Z,2026-01-01T05:26:00Z,2128.2,8.0,12.8,3.8,81.1
TURB001,FARM01,2026-01-01T05:20:00Z,2026-01-01T05:22:00Z,2682.9,10.1,14.7,3.2,82.5
TURB001,FARM01,2026-01-01T05:25:00Z,2026-01-01T05:36:00Z,2464.4,9.6,13.3,3.5,81.7
TURB001,FARM01,2026-01-01T05:30:00Z,2026-01-01T05:31:00Z,2422.0,8.6,14.3,3.8,82.2
TURB001,FARM01,2026-01-01T05:35:00Z,2026-01-01T05:53:00Z,2567.3,9.3,14.7,3.5,84.9
TURB001,FARM01,2026-01-01T05:40:00Z,2026-01-01T05:42:00Z,2647.3,9.7,14.8,3.0,84.5
TURB001,FARM01,2026-01-01T05:45:00Z,2026-01-01T06:03:00Z,2716.9,10.1,14.5,2.5,81.7
TURB001,FARM01,2026-01-01T05:50:00Z,2026-01-01T05:57:00Z,2590.6,9.9,14.0,2.3,81.0
TURB001,FARM01,2026-01-01T05:55:00Z,2026-01-01T05:57:00Z,2703.2,10.6,14.0,2.1,81.4
TURB001,FARM01,2026-01-01T06:00:00Z,2026-01-01T06:11:00Z,2338.5,8.7,13.6,3.5,80.7
TURB001,FARM01,2026-01-01T06:05:00Z,2026-01-01T06:23:00Z,2675.5,9.6,14.8,3.8,81.2
TURB001,FARM01,2026-01-01T06:10:00Z,2026-01-01T06:21:00Z,2455.3,8.8,13.5,3.9,82.3
TURB001,FARM01,2026-01-01T06:15:00Z,2026-01-01T06:19:00Z,2720.1,10.1,15.0,3.3,85.2
TURB001,FARM01,2026-01-01T06:20:00Z,2026-01-01T06:22:00Z,2586.3,9.9,13.5,2.7,81.7
TURB001,FARM01,2026-01-01T06:25:00Z,2026-01-01T06:26:00Z,3000.8,11.0,15.9,3.2,85.2
TURB001,FARM01,2026-01-01T06:30:00Z,2026-01-01T06:37:00Z,2463.7,9.3,13.9,3.8,80.4
TURB001,FARM01,2026-01-01T06:35:00Z,2026-01-01T06:46:00Z,2613.9,9.6,13.9,3.5,81.2
TURB001,FARM01,2026-01-01T06:40:00Z,2026-01-01T06:47:00Z,2662.8,9.8,13.6,2.2,81.2
TURB001,FARM01,2026-01-01T06:45:00Z,2026-01-01T06:47:00Z,2509.3,9.8,13.5,3.7,79.2
TURB001,FARM01,2026-01-01T06:50:00Z,2026-01-01T07:08:00Z,2610.4,9.9,13.5,2.4,79.4
TURB001,FARM01,2026-01-01T06:55:00Z,2026-01-01T07:07:00Z,2989.4,11.1,15.7,1.9,85.2
TURB001,FARM01,2026-01-01T07:00:00Z,2026-01-01T07:11:00Z,3054.3,11.9,14.8,1.3,82.5
TURB001,FARM01,2026-01-01T07:05:00Z,2026-01-01T07:06:00Z,2842.3,10.6,15.3,2.0,84.7
TURB001,FARM01,2026-01-01T07:10:00Z,2026-01-01T07:11:00Z,2993.1,11.4,14.9,2.6,84.6
TURB001,FARM01,2026-01-01T07:15:00Z,2026-01-01T07:26:00Z,2771.8,10.6,14.7,2.4,83.1
TURB001,FARM01,2026-01-01T07:20:00Z,2026-01-01T07:22:00Z,3075.0,11.9,14.8,2.8,83.7
TURB001,FARM01,2026-01-01T07:30:00Z,2026-01-01T07:48:00Z,2981.7,11.1,15.6,3.2,83.6
TURB001,FARM01,2026-01-01T07:35:00Z,2026-01-01T07:36:00Z,2935.4,11.2,15.9,2.5,84.3
TURB001,FARM01,2026-01-01T07:40:00Z,2026-01-01T07:47:00Z,2879.1,10.9,14.9,2.9,83.7
TURB001,FARM01,2026-01-01T07:45:00Z,2026-01-01T07:52:00Z,2835.5,10.4,15.4,2.2,83.0
TURB001,FARM01,2026-01-01T07:50:00Z,2026-01-01T07:52:00Z,2907.3,11.0,15.3,3.0,84.3
TURB001,FARM01,2026-01-01T08:00:00Z,2026-01-01T08:18:00Z,2883.7,10.7,15.4,2.6,85.2
TURB001,FARM01,2026-01-01T08:05:00Z,2026-01-01T08:12:00Z,2932.8,11.7,14.5,1.8,82.3
TURB001,FARM01,2026-01-01T08:10:00Z,2026-01-01T08:28:00Z,3038.3,11.8,15.6,2.0,85.6
TURB001,FARM01,2026-01-01T08:15:00Z,2026-01-01T08:27:00Z,2882.9,11.4,14.8,1.7,82.0
TURB001,FARM01,2026-01-01T08:20:00Z,2026-01-01T08:24:00Z,2964.1,11.4,15.3,2.7,85.9
TURB001,FARM01,2026-01-01T08:25:00Z,2026-01-01T08:27:00Z,3382.9,13.3,17.1,1.1,86.6
TURB001,FARM01,2026-01-01T08:30:00Z,2026-01-01T08:48:00Z,3022.1,11.6,16.4,2.2,86.7
TURB001,FARM01,2026-01-01T08:35:00Z,2026-01-01T08:36:00Z,2868.2,11.3,14.3,2.0,82.2
TURB001,FARM01,2026-01-01T08:45:00Z,2026-01-01T08:57:00Z,3104.0,11.8,16.3,1.5,84.0
TURB001,FARM01,2026-01-01T08:50:00Z,2026-01-01T09:01:00Z,2970.7,11.6,15.6,1.8,86.5
TURB001,FARM01,2026-01-01T08:55:00Z,2026-01-01T09:13:00Z,3303.7,12.8,16.8,1.2,86.6
TURB001,FARM01,2026-01-01T09:00:00Z,2026-01-01T09:01:00Z,3072.2,12.1,16.0,1.8,85.4
TURB001,FARM01,2026-01-01T09:05:00Z,2026-01-01T09:07:00Z,3394.3,13.8,16.2,0.7,86.1
TURB001,FARM01,2026-01-01T09:10:00Z,2026-01-01T09:22:00Z,3248.1,12.9,15.5,1.5,85.2
TURB001,FARM01,2026-01-01T09:15:00Z,2026-01-01T09:19:00Z,3103.4,12.3,15.5,2.4,82.6
TURB001,FARM01,2026-01-01T09:20:00Z,2026-01-01T09:22:00Z,3448.8,13.6,16.9,1.5,88.5
TURB001,FARM01,2026-01-01T09:25:00Z,2026-01-01T09:29:00Z,3383.1,13.3,17.3,1.9,85.7
TURB001,FARM01,2026-01-01T09:35:00Z,2026-01-01T09:39:00Z,3422.2,13.3,17.1,2.1,86.9
TURB001,FARM01,2026-01-01T09:40:00Z,2026-01-01T09:41:00Z,3442.2,13.6,17.6,1.3,87.8
TURB001,FARM01,2026-01-01T09:45:00Z,2026-01-01T09:46:00Z,3500.0,14.2,17.5,1.2,85.8
TURB001,FARM01,2026-01-01T09:50:00Z,2026-01-01T10:08:00Z,3500.0,14.5,17.5,0.5,86.0
TURB001,FARM01,2026-01-01T09:55:00Z,2026-01-01T10:13:00Z,3384.8,13.4,16.4,1.0,87.9
TURB001,FARM01,2026-01-01T10:00:00Z,2026-01-01T10:02:00Z,3500.0,14.5,17.2,0.7,86.5
TURB001,FARM01,2026-01-01T10:05:00Z,2026-01-01T10:06:00Z,3402.3,13.1,16.7,1.2,88.2
TURB001,FARM01,2026-01-01T10:10:00Z,2026-01-01T10:11:00Z,3368.2,13.4,16.2,1.1,87.4
TURB001,FARM01,2026-01-01T10:15:00Z,2026-01-01T10:33:00Z,3500.0,13.9,17.0,1.0,85.6
TURB001,FARM01,2026-01-01T10:20:00Z,2026-01-01T10:38:00Z,3500.0,13.9,17.4,0.7,87.7
TURB001,FARM01,2026-01-01T10:25:00Z,2026-01-01T10:27:00Z,3500.0,14.6,17.2,0.1,87.8
TURB001,FARM01,2026-01-01T10:30:00Z,2026-01-01T10:31:00Z,3372.8,13.3,15.5,1.3,83.2
TURB001,FARM01,2026-01-01T10:35:00Z,2026-01-01T10:39:00Z,3454.0,13.7,15.9,1.8,85.1
TURB001,FARM01,2026-01-01T10:40:00Z,2026-01-01T10:42:00Z,3392.7,13.6,16.6,1.2,86.1
TURB001,FARM01,2026-01-01T10:45:00Z,2026-01-01T11:00:00Z,3500.0,14.9,17.4,1.3,89.1
TURB001,FARM01,2026-01-01T10:50:00Z,2026-01-01T11:08:00Z,3500.0,15.0,17.5,1.2,86.9
TURB001,FARM01,2026-01-01T10:55:00Z,2026-01-01T11:06:00Z,3500.0,14.8,17.3,0.7,86.7
TURB001,FARM01,2026-01-01T11:00:00Z,2026-01-01T11:02:00Z,3500.0,13.9,16.5,0.7,86.8
TURB001,FARM01,2026-01-01T11:05:00Z,2026-01-01T11:16:00Z,3500.0,14.9,17.3,0.4,87.2
TURB001,FARM01,2026-01-01T11:10:00Z,2026-01-01T11:11:00Z,3500.0,13.8,17.1,1.7,89.0
TURB001,FARM01,2026-01-01T11:15:00Z,2026-01-01T11:16:00Z,3475.8,13.2,17.4,1.2,85.9
TURB001,FARM01,2026-01-01T11:20:00Z,2026-01-01T11:22:00Z,3500.0,14.2,16.9,1.4,86.4
TURB001,FARM01,2026-01-01T11:25:00Z,2026-01-01T11:26:00Z,3370.4,13.2,17.0,1.1,87.3
TURB001,FARM01,2026-01-01T11:30:00Z,2026-01-01T11:48:00Z,3500.0,15.1,18.2,1.2,88.5
TURB001,FARM01,2026-01-01T11:35:00Z,2026-01-01T11:37:00Z,3500.0,15.1,16.7,0.0,86.8
TURB001,FARM01,2026-01-01T11:40:00Z,2026-01-01T11:58:00Z,3500.0,14.9,17.3,0.1,87.9
TURB001,FARM01,2026-01-01T11:45:00Z,2026-01-01T11:52:00Z,3331.0,13.5,16.2,0.6,84.8
TURB001,FARM01,2026-01-01T11:55:00Z,2026-01-01T11:57:00Z,3500.0,14.0,16.2,1.1,85.8
TURB001,FARM01,2026-01-01T12:00:00Z,2026-01-01T12:02:00Z,3458.7,13.6,16.9,1.1,87.4
TURB001,FARM01,2026-01-01T12:05:00Z,2026-01-01T12:23:00Z,3500.0,13.7,17.0,1.1,87.6
TURB001,FARM01,2026-01-01T12:10:00Z,2026-01-01T12:14:00Z,3500.0,15.4,18.1,0.0,88.5
TURB001,FARM01,2026-01-01T12:15:00Z,2026-01-01T12:26:00Z,3500.0,14.8,17.2,0.4,88.6
TURB001,FARM01,2026-01-01T12:20:00Z,2026-01-01T12:24:00Z,3500.0,15.3,16.9,0.3,86.1
TURB001,FARM01,2026-01-01T12:25:00Z,2026-01-01T12:26:00Z,3482.8,13.3,17.1,1.2,85.2
TURB001,FARM01,2026-01-01T12:30:00Z,2026-01-01T12:32:00Z,3500.0,15.5,18.3,1.0,90.7
TURB001,FARM01,2026-01-01T12:35:00Z,2026-01-01T12:37:00Z,3500.0,14.7,17.0,1.0,87.5
TURB001,FARM01,2026-01-01T12:40:00Z,2026-01-01T12:47:00Z,3500.0,14.8,18.2,1.0,88.1
TURB001,FARM01,2026-01-01T12:45:00Z,2026-01-01T12:47:00Z,3500.0,15.0,16.7,0.3,87.4
TURB001,FARM01,2026-01-01T12:50:00Z,2026-01-01T12:52:00Z,3500.0,15.2,18.4,0.4,89.2
TURB001,FARM01,2026-01-01T12:55:00Z,2026-01-01T13:02:00Z,3500.0,13.9,17.5,1.1,89.0
TURB001,FARM01,2026-01-01T13:00:00Z,2026-01-01T13:11:00Z,3500.0,15.2,17.6,0.0,88.9
TURB001,FARM01,2026-01-01T13:05:00Z,2026-01-01T13:06:00Z,3500.0,15.6,18.5,0.2,90.6
TURB001,FARM01,2026-01-01T13:10:00Z,2026-01-01T13:17:00Z,3500.0,14.4,17.5,1.2,88.1
TURB001,FARM01,2026-01-01T13:15:00Z,2026-01-01T13:17:00Z,3415.1,13.6,16.1,0.5,86.9
TURB001,FARM01,2026-01-01T13:20:00Z,2026-01-01T13:21:00Z,3500.0,14.8,17.7,0.7,88.9
TURB001,FARM01,2026-01-01T13:25:00Z,2026-01-01T13:27:00Z,3439.5,13.6,17.6,1.0,87.8
TURB001,FARM01,2026-01-01T13:30:00Z,2026-01-01T13:32:00Z,3500.0,14.2,16.8,1.7,87.3
TURB001,FARM01,2026-01-01T13:35:00Z,2026-01-01T13:39:00Z,3500.0,15.4,18.0,1.0,89.1
TURB001,FARM01,2026-01-01T13:40:00Z,2026-01-01T13:41:00Z,0.0,15.8,4.2,12.5,68.0
TURB001,FARM01,2026-01-01T13:45:00Z,2026-01-01T13:49:00Z,0.0,15.8,4.2,12.5,68.0
TURB001,FARM01,2026-01-01T13:50:00Z,2026-01-01T13:51:00Z,0.0,15.8,4.2,12.5,68.0
TURB001,FARM01,2026-01-01T13:55:00Z,2026-01-01T13:57:00Z,3318.7,13.3,16.2,2.2,86.6
TURB001,FARM01,2026-01-01T14:00:00Z,2026-01-01T14:01:00Z,3500.0,14.6,17.9,0.4,89.5
TURB001,FARM01,2026-01-01T14:05:00Z,2026-01-01T14:06:00Z,3500.0,13.8,17.8,2.0,88.3
TURB001,FARM01,2026-01-01T14:10:00Z,2026-01-01T14:17:00Z,3500.0,14.7,16.4,0.0,87.0
TURB001,FARM01,2026-01-01T14:15:00Z,2026-01-01T14:16:00Z,3258.0,13.1,15.9,0.9,84.7
TURB001,FARM01,2026-01-01T14:20:00Z,2026-01-01T14:21:00Z,3500.0,14.2,17.6,1.0,86.3
TURB001,FARM01,2026-01-01T14:25:00Z,2026-01-01T14:26:00Z,3500.0,14.8,18.2,1.0,88.1
TURB001,FARM01,2026-01-01T14:30:00Z,2026-01-01T14:48:00Z,3348.6,13.2,16.4,1.3,86.5
TURB001,FARM01,2026-01-01T14:35:00Z,2026-01-01T14:42:00Z,3266.0,13.2,15.6,1.7,82.7
TURB001,FARM01,2026-01-01T14:40:00Z,2026-01-01T14:41:00Z,3500.0,13.9,17.0,0.8,86.9
TURB001,FARM01,2026-01-01T14:45:00Z,2026-01-01T15:03:00Z,3500.0,15.0,17.8,1.1,89.1
TURB001,FARM01,2026-01-01T14:50:00Z,2026-01-01T14:57:00Z,3500.0,15.0,17.3,1.2,87.1
TURB001,FARM01,2026-01-01T14:55:00Z,2026-01-01T14:56:00Z,3500.0,13.9,17.1,1.0,85.8
TURB001,FARM01,2026-01-01T15:00:00Z,2026-01-01T15:02:00Z,3251.4,13.0,15.5,1.4,85.3
TURB001,FARM01,2026-01-01T15:05:00Z,2026-01-01T15:12:00Z,3500.0,14.1,17.1,1.2,86.4
TURB001,FARM01,2026-01-01T15:10:00Z,2026-01-01T15:14:00Z,3500.0,14.8,18.3,0.6,90.7
TURB001,FARM01,2026-01-01T15:15:00Z,2026-01-01T15:17:00Z,3500.0,14.1,16.7,1.2,85.2
TURB001,FARM01,2026-01-01T15:20:00Z,2026-01-01T15:22:00Z,3500.0,14.7,17.0,0.9,85.3
TURB001,FARM01,2026-01-01T15:25:00Z,2026-01-01T15:26:00Z,3500.0,14.5,17.9,1.6,89.7
TURB001,FARM01,2026-01-01T15:30:00Z,2026-01-01T15:34:00Z,3500.0,14.0,17.2,1.4,85.4
TURB001,FARM01,2026-01-01T15:35:00Z,2026-01-01T15:36:00Z,3500.0,14.7,17.0,0.3,85.5
TURB001,FARM01,2026-01-01T15:40:00Z,2026-01-01T15:51:00Z,3237.2,12.8,16.4,0.9,86.9
TURB001,FARM01,2026-01-01T15:45:00Z,2026-01-01T15:46:00Z,3446.5,13.5,15.9,1.0,84.3
TURB001,FARM01,2026-01-01T15:50:00Z,2026-01-01T16:08:00Z,3500.0,14.4,16.5,1.3,84.2
TURB001,FARM01,2026-01-01T15:55:00Z,2026-01-01T15:56:00Z,3500.0,13.8,16.8,1.1,85.6
TURB001,FARM01,2026-01-01T16:00:00Z,2026-01-01T16:04:00Z,3282.1,13.0,15.5,1.8,84.8
TURB001,FARM01,2026-01-01T16:05:00Z,2026-01-01T16:07:00Z,3112.1,12.3,15.6,2.0,82.6
TURB001,FARM01,2026-01-01T16:10:00Z,2026-01-01T16:21:00Z,3500.0,13.9,17.4,0.8,86.0
TURB001,FARM01,2026-01-01T16:15:00Z,2026-01-01T16:22:00Z,3236.9,12.4,15.7,2.1,84.7
TURB001,FARM01,2026-01-01T16:20:00Z,2026-01-01T16:27:00Z,3241.6,12.1,16.5,1.2,84.1
TURB001,FARM01,2026-01-01T16:25:00Z,2026-01-01T16:26:00Z,3325.5,13.3,16.6,1.8,85.9
TURB001,FARM01,2026-01-01T16:30:00Z,2026-01-01T16:37:00Z,3500.0,14.2,16.3,1.7,85.6
TURB001,FARM01,2026-01-01T16:35:00Z,2026-01-01T16:46:00Z,3142.6,12.0,16.4,1.6,86.2
TURB001,FARM01,2026-01-01T16:40:00Z,2026-01-01T17:02:00Z,3450.4,13.8,17.3,0.7,88.5
TURB001,FARM01,2026-01-01T16:45:00Z,2026-01-01T16:47:00Z,3386.9,12.9,17.0,1.4,87.9
TURB001,FARM01,2026-01-01T16:50:00Z,2026-01-01T16:51:00Z,3129.7,12.1,15.1,1.5,84.0
TURB001,FARM01,2026-01-01T16:55:00Z,2026-01-01T17:13:00Z,3159.2,11.9,16.2,2.0,86.6
TURB001,FARM01,2026-01-01T17:00:00Z,2026-01-01T17:07:00Z,3348.5,13.1,17.1,1.8,89.0
TURB001,FARM01,2026-01-01T17:05:00Z,2026-01-01T17:06:00Z,2952.8,11.7,14.7,2.0,82.1
TURB001,FARM01,2026-01-01T17:10:00Z,2026-01-01T17:14:00Z,3057.2,12.1,14.9,1.9,81.5
TURB001,FARM01,2026-01-01T17:15:00Z,2026-01-01T17:33:00Z,3015.7,11.4,16.1,2.8,85.8
TURB001,FARM01,2026-01-01T17:20:00Z,2026-01-01T17:22:00Z,3335.9,12.5,16.9,2.1,84.9
TURB001,FARM01,2026-01-01T17:25:00Z,2026-01-01T17:32:00Z,2999.3,11.8,15.6,1.5,82.7
TURB001,FARM01,2026-01-01T17:30:00Z,2026-01-01T17:48:00Z,3375.4,13.3,15.7,1.6,82.8
TURB001,FARM01,2026-01-01T17:35:00Z,2026-01-01T17:42:00Z,3133.2,12.2,16.0,1.7,86.9
TURB001,FARM01,2026-01-01T17:40:00Z,2026-01-01T17:51:00Z,3120.8,12.5,15.1,2.0,83.0
TURB001,FARM01,2026-01-01T17:45:00Z,2026-01-01T17:52:00Z,3067.0,11.4,15.8,2.5,86.5
TURB001,FARM01,2026-01-01T17:50:00Z,2026-01-01T18:01:00Z,2903.2,10.9,15.4,3.2,83.3
TURB001,FARM01,2026-01-01T17:55:00Z,2026-01-01T18:02:00Z,2914.3,10.9,15.5,1.8,84.5
TURB001,FARM01,2026-01-01T18:00:00Z,2026-01-01T18:01:00Z,3254.1,12.5,16.3,2.3,86.7
TURB001,FARM01,2026-01-01T18:05:00Z,2026-01-01T18:07:00Z,3039.9,12.0,15.5,1.8,83.9
TURB001,FARM01,2026-01-01T18:10:00Z,2026-01-01T18:14:00Z,2902.0,11.2,15.7,1.9,86.8
TURB001,FARM01,2026-01-01T18:15:00Z,2026-01-01T18:16:00Z,3182.1,12.3,15.1,2.3,85.0
TURB001,FARM01,2026-01-01T18:20:00Z,2026-01-01T18:22:00Z,3046.4,11.8,16.3,2.3,86.1
TURB001,FARM01,2026-01-01T18:25:00Z,2026-01-01T18:36:00Z,3149.5,12.1,16.3,2.4,84.4
TURB001,FARM01,2026-01-01T18:30:00Z,2026-01-01T18:48:00Z,2934.1,10.9,15.5,3.2,84.8
TURB001,FARM01,2026-01-01T18:40:00Z,2026-01-01T18:42:00Z,2798.0,10.4,14.2,3.4,83.3
TURB001,FARM01,2026-01-01T18:45:00Z,2026-01-01T18:56:00Z,2835.2,10.7,15.8,3.4,84.7
TURB001,FARM01,2026-01-01T18:50:00Z,2026-01-01T18:54:00Z,2875.8,10.9,14.9,1.9,82.1
TURB001,FARM01,2026-01-01T18:55:00Z,2026-01-01T18:56:00Z,2649.0,9.8,14.3,2.8,84.1
TURB001,FARM01,2026-01-01T19:05:00Z,2026-01-01T19:16:00Z,2678.1,10.2,15.1,2.5,85.3
TURB001,FARM01,2026-01-01T19:10:00Z,2026-01-01T19:21:00Z,2703.1,9.6,15.1,3.6,85.2
TURB001,FARM01,2026-01-01T19:15:00Z,2026-01-01T19:16:00Z,2527.7,9.4,14.2,2.7,84.1
TURB001,FARM01,2026-01-01T19:20:00Z,2026-01-01T19:21:00Z,2562.7,10.0,13.7,3.2,80.6
TURB001,FARM01,2026-01-01T19:25:00Z,2026-01-01T19:43:00Z,2705.8,9.8,15.1,3.3,82.2
TURB001,FARM01,2026-01-01T19:30:00Z,2026-01-01T19:41:00Z,2778.7,10.5,15.6,1.9,83.4
TURB001,FARM01,2026-01-01T19:35:00Z,2026-01-01T19:53:00Z,2469.0,9.2,13.6,2.9,79.4
TURB001,FARM01,2026-01-01T19:40:00Z,2026-01-01T19:42:00Z,2526.2,9.0,14.6,3.3,83.0
TURB001,FARM01,2026-01-01T19:45:00Z,2026-01-01T19:47:00Z,2773.5,10.5,14.4,1.9,81.9
TURB001,FARM01,2026-01-01T19:50:00Z,2026-01-01T19:51:00Z,2696.3,10.3,13.9,3.5,79.9
TURB001,FARM01,2026-01-01T19:55:00Z,2026-01-01T19:56:00Z,2539.7,9.6,14.2,3.3,84.1
TURB001,FARM01,2026-01-01T20:00:00Z,2026-01-01T20:07:00Z,2433.0,9.4,13.3,2.7,81.2
TURB001,FARM01,2026-01-01T20:05:00Z,2026-01-01T20:30:00Z,2450.4,8.8,13.5,3.2,81.5
TURB001,FARM01,2026-01-01T20:10:00Z,2026-01-01T20:11:00Z,2610.1,9.6,13.6,2.5,82.0
TURB001,FARM01,2026-01-01T20:15:00Z,2026-01-01T20:26:00Z,2479.2,9.0,13.0,2.8,78.3
TURB001,FARM01,2026-01-01T20:20:00Z,2026-01-01T20:27:00Z,2764.3,10.6,15.0,2.2,84.5
TURB001,FARM01,2026-01-01T20:25:00Z,2026-01-01T20:36:00Z,2719.8,10.3,13.8,3.0,80.5
TURB001,FARM01,2026-01-01T20:30:00Z,2026-01-01T20:48:00Z,2828.9,10.2,15.1,3.4,83.3
TURB001,FARM01,2026-01-01T20:35:00Z,2026-01-01T20:46:00Z,2522.6,9.7,14.1,3.5,81.0
TURB001,FARM01,2026-01-01T20:40:00Z,2026-01-01T20:41:00Z,2255.1,8.2,13.6,4.2,81.3
TURB001,FARM01,2026-01-01T20:45:00Z,2026-01-01T21:03:00Z,2306.7,8.7,13.3,3.4,81.5
TURB001,FARM01,2026-01-01T20:55:00Z,2026-01-01T20:59:00Z,2390.2,8.6,12.7,4.1,79.1
TURB001,FARM01,2026-01-01T21:00:00Z,2026-01-01T21:02:00Z,2519.3,9.2,14.6,2.5,83.5
TURB001,FARM01,2026-01-01T21:05:00Z,2026-01-01T21:06:00Z,2529.2,9.9,13.7,3.1,82.4
TURB001,FARM01,2026-01-01T21:10:00Z,2026-01-01T21:12:00Z,2202.5,8.1,13.7,3.5,83.0
TURB001,FARM01,2026-01-01T21:15:00Z,2026-01-01T21:22:00Z,2540.5,9.1,14.9,3.1,84.3
TURB001,FARM01,2026-01-01T21:20:00Z,2026-01-01T21:38:00Z,2370.2,8.4,13.8,3.2,79.9
TURB001,FARM01,2026-01-01T21:25:00Z,2026-01-01T21:27:00Z,2444.5,8.6,14.5,2.9,83.7
TURB001,FARM01,2026-01-01T21:30:00Z,2026-01-01T21:31:00Z,2510.1,9.7,13.9,3.7,81.5
TURB001,FARM01,2026-01-01T21:35:00Z,2026-01-01T21:42:00Z,2377.1,8.3,14.3,3.6,80.6
TURB001,FARM01,2026-01-01T21:40:00Z,2026-01-01T21:42:00Z,2391.5,8.7,14.2,3.5,81.2
TURB001,FARM01,2026-01-01T21:45:00Z,2026-01-01T21:46:00Z,2460.4,8.8,14.6,3.7,84.0
TURB001,FARM01,2026-01-01T21:50:00Z,2026-01-01T21:57:00Z,2549.1,9.4,14.7,2.8,83.0
TURB001,FARM01,2026-01-01T21:55:00Z,2026-01-01T22:06:00Z,2243.5,8.1,14.3,3.2,83.9
TURB001,FARM01,2026-01-01T22:00:00Z,2026-01-01T22:01:00Z,2596.2,9.3,14.5,3.3,83.8
TURB001,FARM01,2026-01-01T22:05:00Z,2026-01-01T22:07:00Z,2033.5,7.1,12.4,3.5,79.0
TURB001,FARM01,2026-01-01T22:10:00Z,2026-01-01T22:21:00Z,2539.0,8.9,14.4,3.6,81.2
TURB001,FARM01,2026-01-01T22:15:00Z,2026-01-01T22:17:00Z,2237.3,7.9,14.0,4.4,81.9
TURB001,FARM01,2026-01-01T22:20:00Z,2026-01-01T22:21:00Z,2207.9,7.5,13.4,3.8,82.5
TURB001,FARM01,2026-01-01T22:25:00Z,2026-01-01T22:26:00Z,2055.7,7.2,13.1,4.2,78.8
TURB001,FARM01,2026-01-01T22:30:00Z,2026-01-01T22:37:00Z,2176.4,7.8,12.5,4.6,77.9
TURB001,FARM01,2026-01-01T22:35:00Z,2026-01-01T22:39:00Z,2291.3,8.5,13.8,4.1,79.5
TURB001,FARM01,2026-01-01T22:40:00Z,2026-01-01T22:44:00Z,2278.6,8.0,13.9,3.6,82.1
TURB001,FARM01,2026-01-01T22:45:00Z,2026-01-01T23:03:00Z,2193.3,8.0,12.9,3.4,81.1
TURB001,FARM01,2026-01-01T22:50:00Z,2026-01-01T22:52:00Z,1827.3,6.6,11.6,4.4,77.6
TURB001,FARM01,2026-01-01T22:55:00Z,2026-01-01T22:57:00Z,2144.6,7.1,13.2,4.6,81.9
TURB001,FARM01,2026-01-01T23:00:00Z,2026-01-01T23:18:00Z,2207.0,8.1,13.4,3.1,79.8
TURB001,FARM01,2026-01-01T23:05:00Z,2026-01-01T23:07:00Z,1961.3,6.9,11.8,4.0,77.6
TURB001,FARM01,2026-01-01T23:10:00Z,2026-01-01T23:12:00Z,2437.0,8.5,14.4,4.1,84.3
TURB001,FARM01,2026-01-01T23:15:00Z,2026-01-01T23:16:00Z,2211.1,8.0,13.3,3.8,80.6
TURB001,FARM01,2026-01-01T23:20:00Z,2026-01-01T23:21:00Z,1885.9,6.4,12.1,4.5,77.5
TURB001,FARM01,2026-01-01T23:30:00Z,2026-01-01T23:40:00Z,1845.3,6.2,12.2,5.2,79.4
TURB001,FARM01,2026-01-01T23:35:00Z,2026-01-01T23:46:00Z,2065.7,7.1,13.5,4.6,82.0
TURB001,FARM01,2026-01-01T23:40:00Z,2026-01-01T23:58:00Z,1827.4,6.1,12.3,4.4,78.1
TURB001,FARM01,2026-01-01T23:45:00Z,2026-01-01T23:46:00Z,2114.6,7.8,12.8,4.7,80.4
TURB001,FARM01,2026-01-01T23:50:00Z,2026-01-01T23:52:00Z,2080.7,6.9,13.2,4.0,82.3
TURB001,FARM01,2026-01-01T23:55:00Z,2026-01-02T00:13:00Z,2129.8,7.4,12.7,3.3,77.8
TURB001,FARM01,2026-01-02T00:00:00Z,2026-01-02T00:07:00Z,2086.5,7.2,12.1,4.8,77.1
TURB001,FARM01,2026-01-02T00:05:00Z,2026-01-02T00:23:00Z,1902.9,6.3,13.3,4.9,79.7
TURB001,FARM01,2026-01-02T00:10:00Z,2026-01-02T00:21:00Z,2153.2,7.6,12.7,4.5,79.0
TURB001,FARM01,2026-01-02T00:15:00Z,2026-01-02T00:33:00Z,2040.8,7.3,13.5,4.5,81.6
TURB001,FARM01,2026-01-02T00:20:00Z,2026-01-02T00:21:00Z,1887.8,6.5,12.7,5.2,79.9
TURB001,FARM01,2026-01-02T00:25:00Z,2026-01-02T00:27:00Z,2089.8,7.2,12.2,4.3,79.2
TURB001,FARM01,2026-01-02T00:30:00Z,2026-01-02T00:48:00Z,2115.3,7.8,12.7,4.0,80.3
TURB001,FARM01,2026-01-02T00:35:00Z,2026-01-02T00:53:00Z,1932.4,6.6,11.7,4.7,77.6
TURB001,FARM01,2026-01-02T00:40:00Z,2026-01-02T00:47:00Z,2199.8,7.9,13.7,3.1,79.9
TURB001,FARM01,2026-01-02T00:45:00Z,2026-01-02T00:52:00Z,2272.9,8.2,13.4,3.5,82.6
TURB001,FARM01,2026-01-02T00:50:00Z,2026-01-02T00:54:00Z,2116.4,7.1,13.1,4.8,81.0
TURB001,FARM01,2026-01-02T00:55:00Z,2026-01-02T00:59:00Z,1998.3,7.3,12.2,3.7,79.0
TURB001,FARM01,2026-01-02T01:00:00Z,2026-01-02T01:04:00Z,2183.9,7.7,13.5,4.3,80.9
TURB001,FARM01,2026-01-02T01:05:00Z,2026-01-02T01:12:00Z,1904.1,6.5,12.5,4.5,80.9
TURB001,FARM01,2026-01-02T01:10:00Z,2026-01-02T01:17:00Z,2329.3,8.1,14.0,3.4,80.9
TURB001,FARM01,2026-01-02T01:15:00Z,2026-01-02T01:19:00Z,2314.7,8.0,13.6,4.2,80.0
TURB001,FARM01,2026-01-02T01:20:00Z,2026-01-02T01:22:00Z,2287.0,8.1,13.7,3.2,81.8
TURB001,FARM01,2026-01-02T01:25:00Z,2026-01-02T01:50:00Z,1778.6,5.9,12.9,4.3,78.8
TURB001,FARM01,2026-01-02T01:30:00Z,2026-01-02T01:32:00Z,2112.8,7.0,13.0,3.7,82.0
TURB001,FARM01,2026-01-02T01:35:00Z,2026-01-02T01:39:00Z,1987.3,6.8,13.5,4.9,80.8
TURB001,FARM01,2026-01-02T01:40:00Z,2026-01-02T01:41:00Z,1971.0,6.6,12.8,5.1,78.1
TURB001,FARM01,2026-01-02T01:45:00Z,2026-01-02T02:03:00Z,2279.9,8.1,12.7,4.4,78.3
TURB001,FARM01,2026-01-02T01:50:00Z,2026-01-02T01:54:00Z,1834.5,6.3,12.8,5.1,78.9
TURB001,FARM01,2026-01-02T01:55:00Z,2026-01-02T02:13:00Z,2111.6,7.3,12.1,4.9,77.7
TURB001,FARM01,2026-01-02T02:00:00Z,2026-01-02T02:07:00Z,2256.9,8.1,12.6,3.8,78.5
TURB001,FARM01,2026-01-02T02:05:00Z,2026-01-02T02:09:00Z,1912.3,6.3,12.2,4.2,77.5
TURB001,FARM01,2026-01-02T02:10:00Z,2026-01-02T02:21:00Z,2189.0,7.3,13.4,3.6,82.2
TURB001,FARM01,2026-01-02T02:15:00Z,2026-01-02T02:22:00Z,1965.8,7.2,12.0,4.4,77.2
TURB001,FARM01,2026-01-02T02:20:00Z,2026-01-02T02:27:00Z,2200.3,8.3,12.5,3.5,79.0
TURB001,FARM01,2026-01-02T02:25:00Z,2026-01-02T02:26:00Z,2032.0,6.8,13.0,3.6,80.7
TURB001,FARM01,2026-01-02T02:30:00Z,2026-01-02T02:34:00Z,2234.2,7.7,13.0,3.4,80.9
TURB001,FARM01,2026-01-02T02:35:00Z,2026-01-02T02:37:00Z,2161.2,7.8,13.4,4.6,80.3
TURB001,FARM01,2026-01-02T02:40:00Z,2026-01-02T02:58:00Z,2113.5,7.3,12.8,4.9,79.2
TURB001,FARM01,2026-01-02T02:45:00Z,2026-01-02T02:46:00Z,2304.0,8.0,13.9,4.3,82.7
TURB001,FARM01,2026-01-02T02:50:00Z,2026-01-02T02:52:00Z,2068.1,7.5,13.0,3.8,81.8
TURB001,FARM01,2026-01-02T02:55:00Z,2026-01-02T02:57:00Z,2056.1,7.6,12.4,3.7,79.1
TURB001,FARM01,2026-01-02T03:00:00Z,2026-01-02T03:02:00Z,2170.5,8.0,13.3,4.4,80.4
TURB001,FARM01,2026-01-02T03:05:00Z,2026-01-02T03:06:00Z,2190.3,7.6,13.0,3.3,79.9
TURB001,FARM01,2026-01-02T03:10:00Z,2026-01-02T03:17:00Z,2060.1,7.3,13.5,4.5,81.3
TURB001,FARM01,2026-01-02T03:15:00Z,2026-01-02T03:33:00Z,2345.1,8.1,13.5,3.0,82.4
TURB001,FARM01,2026-01-02T03:20:00Z,2026-01-02T03:31:00Z,1991.3,6.6,12.3,4.9,79.9
TURB001,FARM01,2026-01-02T03:25:00Z,2026-01-02T03:26:00Z,2141.1,7.4,13.7,4.0,83.0
TURB001,FARM01,2026-01-02T03:30:00Z,2026-01-02T03:32:00Z,2279.2,8.2,13.8,3.8,82.0
TURB001,FARM01,2026-01-02T03:35:00Z,2026-01-02T03:36:00Z,2496.5,9.0,13.7,2.8,83.2
TURB001,FARM01,2026-01-02T03:40:00Z,2026-01-02T03:42:00Z,2435.8,9.0,13.8,3.7,81.2
TURB001,FARM01,2026-01-02T03:45:00Z,2026-01-02T03:46:00Z,2109.7,7.3,12.6,3.7,81.1
TURB001,FARM01,2026-01-02T03:50:00Z,2026-01-02T03:52:00Z,2073.8,6.9,12.9,4.5,81.7
TURB001,FARM01,2026-01-02T03:55:00Z,2026-01-02T03:56:00Z,2079.2,7.3,12.1,3.4,79.0
TURB001,FARM01,2026-01-02T04:00:00Z,2026-01-02T04:01:00Z,2112.9,7.5,12.1,3.9,78.7
TURB001,FARM01,2026-01-02T04:05:00Z,2026-01-02T04:12:00Z,2156.7,7.3,13.9,3.7,83.2
TURB001,FARM01,2026-01-02T04:10:00Z,2026-01-02T04:14:00Z,2179.7,7.6,13.8,4.8,81.6
TURB001,FARM01,2026-01-02T04:15:00Z,2026-01-02T04:26:00Z,2144.3,7.2,13.7,4.8,83.0
TURB001,FARM01,2026-01-02T04:20:00Z,2026-01-02T04:27:00Z,2266.9,8.5,12.7,3.3,80.1
TURB001,FARM01,2026-01-02T04:25:00Z,2026-01-02T04:27:00Z,2421.8,8.9,13.6,3.1,79.9
TURB001,FARM01,2026-01-02T04:30:00Z,2026-01-02T04:41:00Z,2562.4,9.3,13.7,3.5,82.5
TURB001,FARM01,2026-01-02T04:35:00Z,2026-01-02T04:36:00Z,2554.9,9.7,14.4,2.5,81.5
TURB001,FARM01,2026-01-02T04:40:00Z,2026-01-02T04:44:00Z,2578.4,9.6,15.0,2.4,84.3
TURB001,FARM01,2026-01-02T04:45:00Z,2026-01-02T04:47:00Z,2379.7,8.4,13.7,2.9,79.6
TURB001,FARM01,2026-01-02T04:50:00Z,2026-01-02T04:52:00Z,2352.9,8.7,14.5,3.2,84.4
TURB001,FARM01,2026-01-02T04:55:00Z,2026-01-02T04:57:00Z,2564.2,9.9,13.7,3.7,81.2
TURB001,FARM01,2026-01-02T05:00:00Z,2026-01-02T05:07:00Z,2336.7,8.6,13.2,3.2,79.5
TURB001,FARM01,2026-01-02T05:05:00Z,2026-01-02T05:23:00Z,2374.7,8.5,13.3,4.2,80.5
TURB001,FARM01,2026-01-02T05:10:00Z,2026-01-02T05:12:00Z,2499.4,9.6,13.9,2.6,80.9
TURB001,FARM01,2026-01-02T05:15:00Z,2026-01-02T05:19:00Z,2576.0,9.7,13.3,3.1,81.0
TURB001,FARM01,2026-01-02T05:20:00Z,2026-01-02T05:27:00Z,2289.0,8.3,13.2,3.5,81.7
TURB001,FARM01,2026-01-02T05:25:00Z,2026-01-02T05:27:00Z,2417.1,8.7,14.3,4.3,82.9
TURB001,FARM01,2026-01-02T05:30:00Z,2026-01-02T05:31:00Z,2574.4,9.9,14.1,2.4,82.2
TURB001,FARM01,2026-01-02T05:35:00Z,2026-01-02T05:36:00Z,2519.3,9.4,14.8,2.5,84.5
TURB001,FARM01,2026-01-02T05:40:00Z,2026-01-02T05:55:00Z,2472.1,9.3,14.7,2.8,83.9
TURB001,FARM01,2026-01-02T05:45:00Z,2026-01-02T05:46:00Z,2385.8,8.5,13.9,4.3,83.2
TURB001,FARM01,2026-01-02T05:50:00Z,2026-01-02T05:54:00Z,2302.8,8.4,13.7,2.8,81.4
TURB001,FARM01,2026-01-02T05:55:00Z,2026-01-02T05:56:00Z,2458.2,8.5,14.3,3.8,83.5
TURB001,FARM01,2026-01-02T06:00:00Z,2026-01-02T06:07:00Z,2802.4,10.8,15.0,2.1,84.0
TURB001,FARM01,2026-01-02T06:05:00Z,2026-01-02T06:07:00Z,2516.9,9.3,13.9,3.0,81.2
TURB001,FARM01,2026-01-02T06:10:00Z,2026-01-02T06:11:00Z,2616.3,9.5,14.8,2.5,85.2
TURB001,FARM01,2026-01-02T06:15:00Z,2026-01-02T06:17:00Z,2370.3,9.0,13.7,3.4,79.5
TURB001,FARM01,2026-01-02T06:20:00Z,2026-01-02T06:42:00Z,2592.8,9.1,14.6,3.5,82.2
TURB001,FARM01,2026-01-02T06:25:00Z,2026-01-02T06:29:00Z,2904.3,11.2,14.7,3.0,83.7
TURB001,FARM01,2026-01-02T06:30:00Z,2026-01-02T06:31:00Z,2450.3,9.2,13.2,4.0,82.0
TURB001,FARM01,2026-01-02T06:35:00Z,2026-01-02T06:46:00Z,2562.7,9.6,14.9,2.3,82.2
TURB001,FARM01,2026-01-02T06:40:00Z,2026-01-02T06:47:00Z,3015.6,11.5,15.0,2.3,83.7
TURB001,FARM01,2026-01-02T06:45:00Z,2026-01-02T06:52:00Z,2680.1,10.2,15.1,3.3,84.5
TURB001,FARM01,2026-01-02T06:50:00Z,2026-01-02T07:01:00Z,2600.8,9.5,14.1,3.7,81.3
TURB001,FARM01,2026-01-02T06:55:00Z,2026-01-02T06:57:00Z,3028.7,11.8,15.2,2.3,85.0
TURB001,FARM01,2026-01-02T07:00:00Z,2026-01-02T07:01:00Z,2835.9,10.4,15.6,2.6,85.3
TURB001,FARM01,2026-01-02T07:05:00Z,2026-01-02T07:16:00Z,2929.1,11.5,15.0,1.8,81.8
TURB001,FARM01,2026-01-02T07:10:00Z,2026-01-02T07:11:00Z,2930.2,11.4,15.6,2.6,83.8
TURB001,FARM01,2026-01-02T07:15:00Z,2026-01-02T07:26:00Z,3041.9,12.1,15.6,2.4,83.0
TURB001,FARM01,2026-01-02T07:20:00Z,2026-01-02T07:21:00Z,2859.3,11.0,15.2,2.3,81.9
TURB001,FARM01,2026-01-02T07:25:00Z,2026-01-02T07:26:00Z,2990.8,11.4,15.9,2.9,83.1
TURB001,FARM01,2026-01-02T07:30:00Z,2026-01-02T07:41:00Z,3064.8,11.8,15.7,2.9,83.6
TURB001,FARM01,2026-01-02T07:35:00Z,2026-01-02T07:53:00Z,2702.9,10.5,14.4,2.3,81.0
TURB001,FARM01,2026-01-02T07:40:00Z,2026-01-02T08:02:00Z,2938.1,10.9,15.6,2.3,86.3
TURB001,FARM01,2026-01-02T07:45:00Z,2026-01-02T07:56:00Z,3028.8,11.8,15.5,1.5,82.3
TURB001,FARM01,2026-01-02T07:50:00Z,2026-01-02T07:52:00Z,3202.0,12.3,15.5,1.6,85.7
TURB001,FARM01,2026-01-02T07:55:00Z,2026-01-02T08:06:00Z,2881.9,11.2,15.4,2.7,84.1
TURB001,FARM01,2026-01-02T08:00:00Z,2026-01-02T08:02:00Z,3271.7,12.8,15.8,1.9,84.8
TURB001,FARM01,2026-01-02T08:05:00Z,2026-01-02T08:07:00Z,3011.2,11.4,14.9,2.7,82.8
TURB001,FARM01,2026-01-02T08:10:00Z,2026-01-02T08:28:00Z,3201.3,12.1,15.9,2.2,85.1
TURB001,FARM01,2026-01-02T08:15:00Z,2026-01-02T08:26:00Z,3218.2,13.0,15.7,2.0,86.1
TURB001,FARM01,2026-01-02T08:20:00Z,2026-01-02T08:31:00Z,3100.1,12.4,15.2,1.5,82.9
TURB001,FARM01,2026-01-02T08:25:00Z,2026-01-02T08:36:00Z,3208.4,12.8,15.3,2.4,84.0
TURB001,FARM01,2026-01-02T08:30:00Z,2026-01-02T08:31:00Z,3205.4,12.3,16.5,1.6,87.6
TURB001,FARM01,2026-01-02T08:35:00Z,2026-01-02T08:46:00Z,2943.5,11.3,14.8,2.6,81.8
TURB001,FARM01,2026-01-02T08:40:00Z,2026-01-02T08:42:00Z,3331.9,13.5,16.2,1.8,84.0
TURB001,FARM01,2026-01-02T08:45:00Z,2026-01-02T08:56:00Z,3189.4,12.4,16.0,1.9,85.5
TURB001,FARM01,2026-01-02T08:50:00Z,2026-01-02T09:08:00Z,3288.0,12.4,16.3,2.1,84.3
TURB001,FARM01,2026-01-02T08:55:00Z,2026-01-02T08:57:00Z,3077.0,11.6,15.3,2.9,82.5
TURB001,FARM01,2026-01-02T09:00:00Z,2026-01-02T09:01:00Z,3115.3,12.3,15.5,2.3,84.5
TURB001,FARM01,2026-01-02T09:05:00Z,2026-01-02T09:15:00Z,3293.4,12.5,16.4,1.5,85.1
TURB001,FARM01,2026-01-02T09:10:00Z,2026-01-02T09:12:00Z,3500.0,13.6,17.0,1.6,85.5
TURB001,FARM01,2026-01-02T09:15:00Z,2026-01-02T09:26:00Z,3290.5,12.9,16.3,1.3,85.5
TURB001,FARM01,2026-01-02T09:20:00Z,2026-01-02T09:22:00Z,3364.2,13.2,15.8,1.7,84.4
TURB001,FARM01,2026-01-02T09:25:00Z,2026-01-02T09:47:00Z,3240.9,12.8,16.1,0.8,84.2
TURB001,FARM01,2026-01-02T09:30:00Z,2026-01-02T09:34:00Z,3156.5,12.1,16.5,1.5,85.3
TURB001,FARM01,2026-01-02T09:35:00Z,2026-01-02T09:46:00Z,3408.4,13.5,16.6,2.1,85.4
TURB001,FARM01,2026-01-02T09:40:00Z,2026-01-02T09:44:00Z,3429.7,13.4,16.2,1.9,86.0
TURB001,FARM01,2026-01-02T09:45:00Z,2026-01-02T09:46:00Z,3500.0,14.2,17.2,1.3,86.5
TURB001,FARM01,2026-01-02T09:50:00Z,2026-01-02T10:01:00Z,3180.2,12.5,16.4,1.8,85.6
TURB001,FARM01,2026-01-02T09:55:00Z,2026-01-02T09:57:00Z,3419.5,13.2,16.4,1.5,87.5
TURB001,FARM01,2026-01-02T10:00:00Z,2026-01-02T10:01:00Z,3424.1,13.5,16.6,0.7,85.5
TURB001,FARM01,2026-01-02T10:05:00Z,2026-01-02T10:23:00Z,3500.0,14.3,18.0,0.9,87.4
TURB001,FARM01,2026-01-02T10:10:00Z,2026-01-02T10:11:00Z,3327.9,13.3,16.5,1.8,85.8
TURB001,FARM01,2026-01-02T10:15:00Z,2026-01-02T10:33:00Z,3500.0,14.3,16.5,0.2,85.0
TURB001,FARM01,2026-01-02T10:20:00Z,2026-01-02T10:24:00Z,3500.0,13.8,17.3,1.2,87.5
TURB001,FARM01,2026-01-02T10:25:00Z,2026-01-02T10:43:00Z,3500.0,14.3,17.7,0.7,89.5
TURB001,FARM01,2026-01-02T10:30:00Z,2026-01-02T10:34:00Z,3500.0,13.8,17.8,0.5,89.5
TURB001,FARM01,2026-01-02T10:35:00Z,2026-01-02T10:36:00Z,3500.0,14.7,16.4,0.4,87.3
TURB001,FARM01,2026-01-02T10:40:00Z,2026-01-02T10:51:00Z,3500.0,14.5,16.7,1.4,86.7
TURB001,FARM01,2026-01-02T10:45:00Z,2026-01-02T10:52:00Z,3218.5,13.1,15.6,1.1,83.4
TURB001,FARM01,2026-01-02T10:50:00Z,2026-01-02T10:54:00Z,3500.0,14.0,17.1,0.6,89.0
TURB001,FARM01,2026-01-02T10:55:00Z,2026-01-02T11:06:00Z,3500.0,15.0,17.6,1.3,89.1
TURB001,FARM01,2026-01-02T11:00:00Z,2026-01-02T11:02:00Z,3500.0,15.0,18.5,1.2,87.9
TURB001,FARM01,2026-01-02T11:05:00Z,2026-01-02T11:07:00Z,3320.2,13.2,16.1,1.1,86.7
TURB001,FARM01,2026-01-02T11:10:00Z,2026-01-02T11:11:00Z,3500.0,14.3,16.6,0.8,86.0
TURB001,FARM01,2026-01-02T11:15:00Z,2026-01-02T11:33:00Z,3500.0,13.9,17.3,1.5,89.0
TURB001,FARM01,2026-01-02T11:20:00Z,2026-01-02T11:38:00Z,3453.8,13.7,15.7,1.7,85.7
TURB001,FARM01,2026-01-02T11:25:00Z,2026-01-02T11:36:00Z,3500.0,14.5,17.6,1.4,89.1
TURB001,FARM01,2026-01-02T11:30:00Z,2026-01-02T11:32:00Z,3500.0,15.0,17.5,0.4,86.9
TURB001,FARM01,2026-01-02T11:35:00Z,2026-01-02T11:36:00Z,3500.0,14.4,17.1,0.7,87.8
TURB001,FARM01,2026-01-02T11:40:00Z,2026-01-02T11:58:00Z,3500.0,14.6,17.9,0.1,90.2
TURB001,FARM01,2026-01-02T11:45:00Z,2026-01-02T11:49:00Z,3336.2,13.1,17.3,1.0,88.1
TURB001,FARM01,2026-01-02T11:50:00Z,2026-01-02T11:57:00Z,3439.7,13.5,17.5,1.0,88.3
TURB001,FARM01,2026-01-02T11:55:00Z,2026-01-02T11:57:00Z,3500.0,14.7,17.6,0.0,88.5
TURB001,FARM01,2026-01-02T12:05:00Z,2026-01-02T12:07:00Z,3465.5,14.2,16.2,0.4,84.4
TURB001,FARM01,2026-01-02T12:10:00Z,2026-01-02T12:21:00Z,3500.0,14.5,17.1,0.1,86.4
TURB001,FARM01,2026-01-02T12:15:00Z,2026-01-02T12:16:00Z,3500.0,14.9,17.4,0.3,85.9
TURB001,FARM01,2026-01-02T12:20:00Z,2026-01-02T12:22:00Z,3500.0,14.0,17.7,0.5,89.1
TURB001,FARM01,2026-01-02T12:25:00Z,2026-01-02T12:27:00Z,3500.0,14.8,17.7,0.1,88.4
TURB001,FARM01,2026-01-02T12:30:00Z,2026-01-02T12:48:00Z,3500.0,14.3,17.5,1.2,86.4
TURB001,FARM01,2026-01-02T12:35:00Z,2026-01-02T12:46:00Z,3500.0,15.3,16.9,0.0,87.7
TURB001,FARM01,2026-01-02T12:40:00Z,2026-01-02T12:42:00Z,3500.0,14.1,16.8,1.5,85.6
TURB001,FARM01,2026-01-02T12:45:00Z,2026-01-02T12:49:00Z,3500.0,14.6,17.5,1.0,88.8
TURB001,FARM01,2026-01-02T12:50:00Z,2026-01-02T12:52:00Z,3500.0,13.8,17.0,0.7,86.4
TURB001,FARM01,2026-01-02T12:55:00Z,2026-01-02T12:56:00Z,3500.0,14.5,16.4,0.9,86.3
TURB001,FARM01,2026-01-02T13:00:00Z,2026-01-02T13:07:00Z,3500.0,15.7,18.8,0.0,91.4
TURB001,FARM01,2026-01-02T13:05:00Z,2026-01-02T13:06:00Z,3500.0,14.6,16.6,0.8,88.2
TURB001,FARM01,2026-01-02T13:10:00Z,2026-01-02T13:14:00Z,3338.7,13.3,15.9,2.1,86.9
TURB001,FARM01,2026-01-02T13:15:00Z,2026-01-02T13:17:00Z,3500.0,14.8,17.4,0.6,88.4
TURB001,FARM01,2026-01-02T13:20:00Z,2026-01-02T13:27:00Z,3500.0,14.0,16.5,1.1,84.8
TURB001,FARM01,2026-01-02T13:25:00Z,2026-01-02T13:36:00Z,3500.0,14.2,17.3,1.5,88.1
TURB001,FARM01,2026-01-02T13:30:00Z,2026-01-02T13:48:00Z,3500.0,15.0,18.2,0.0,87.3
TURB001,FARM01,2026-01-02T13:35:00Z,2026-01-02T13:36:00Z,3500.0,14.7,16.4,1.0,86.6
TURB001,FARM01,2026-01-02T13:40:00Z,2026-01-02T13:44:00Z,3500.0,14.9,17.9,0.1,90.2
TURB001,FARM01,2026-01-02T13:45:00Z,2026-01-02T13:46:00Z,3470.8,13.6,15.9,1.7,84.2
TURB001,FARM01,2026-01-02T13:50:00Z,2026-01-02T13:51:00Z,3500.0,14.0,16.8,1.1,85.6
TURB001,FARM01,2026-01-02T13:55:00Z,2026-01-02T13:57:00Z,3500.0,14.4,17.2,0.2,88.6
TURB001,FARM01,2026-01-02T14:00:00Z,2026-01-02T14:01:00Z,3396.3,13.8,16.0,1.3,86.1
TURB001,FARM01,2026-01-02T14:05:00Z,2026-01-02T14:07:00Z,3398.1,13.3,17.2,1.0,87.1
TURB001,FARM01,2026-01-02T14:10:00Z,2026-01-02T14:21:00Z,3500.0,13.6,17.6,0.6,89.1
TURB001,FARM01,2026-01-02T14:15:00Z,2026-01-02T14:22:00Z,3478.2,13.6,16.2,1.9,84.8
TURB001,FARM01,2026-01-02T14:20:00Z,2026-01-02T14:21:00Z,3419.2,13.4,16.9,0.7,85.6
TURB001,FARM01,2026-01-02T14:25:00Z,2026-01-02T14:32:00Z,3500.0,15.3,16.8,0.4,85.8
TURB001,FARM01,2026-01-02T14:30:00Z,2026-01-02T14:32:00Z,3406.3,13.2,16.3,1.2,85.0
TURB001,FARM01,2026-01-02T14:35:00Z,2026-01-02T14:37:00Z,3500.0,14.1,17.1,1.0,88.2
TURB001,FARM01,2026-01-02T14:40:00Z,2026-01-02T14:41:00Z,3458.6,13.3,17.4,0.6,87.7
TURB001,FARM01,2026-01-02T14:45:00Z,2026-01-02T14:46:00Z,3500.0,15.2,16.6,0.8,87.7
TURB001,FARM01,2026-01-02T14:50:00Z,2026-01-02T14:52:00Z,3500.0,13.4,17.5,1.3,89.6
TURB001,FARM01,2026-01-02T14:55:00Z,2026-01-02T15:02:00Z,3500.0,14.5,16.4,1.5,87.5
TURB001,FARM01,2026-01-02T15:00:00Z,2026-01-02T15:11:00Z,3500.0,13.9,17.3,1.3,87.5
TURB001,FARM01,2026-01-02T15:05:00Z,2026-01-02T15:09:00Z,3270.1,12.9,16.4,1.5,87.7
TURB001,FARM01,2026-01-02T15:10:00Z,2026-01-02T15:28:00Z,3500.0,14.8,18.2,0.6,90.3
TURB001,FARM01,2026-01-02T15:15:00Z,2026-01-02T15:17:00Z,3349.8,13.3,15.6,0.9,85.7
TURB001,FARM01,2026-01-02T15:20:00Z,2026-01-02T15:22:00Z,3262.4,12.9,16.1,1.3,83.9
TURB001,FARM01,2026-01-02T15:25:00Z,2026-01-02T15:29:00Z,3500.0,13.7,16.6,1.8,84.6
TURB001,FARM01,2026-01-02T15:30:00Z,2026-01-02T15:31:00Z,3500.0,14.5,17.6,0.1,89.3
TURB001,FARM01,2026-01-02T15:35:00Z,2026-01-02T15:37:00Z,3500.0,14.2,17.9,0.9,86.7
TURB001,FARM01,2026-01-02T15:40:00Z,2026-01-02T15:58:00Z,3157.9,12.5,15.8,1.7,85.9
TURB001,FARM01,2026-01-02T15:45:00Z,2026-01-02T15:47:00Z,3314.8,12.6,16.7,1.1,84.6
TURB001,FARM01,2026-01-02T15:50:00Z,2026-01-02T15:54:00Z,3299.7,12.6,16.7,1.5,87.0
TURB001,FARM01,2026-01-02T15:55:00Z,2026-01-02T15:57:00Z,3500.0,14.5,16.3,1.7,84.5
TURB001,FARM01,2026-01-02T16:00:00Z,2026-01-02T16:01:00Z,3305.7,12.4,16.6,2.3,84.8
TURB001,FARM01,2026-01-02T16:05:00Z,2026-01-02T16:16:00Z,3153.6,12.5,16.2,2.3,85.1
TURB001,FARM01,2026-01-02T16:10:00Z,2026-01-02T16:11:00Z,3236.7,12.5,15.4,1.3,83.3
TURB001,FARM01,2026-01-02T16:15:00Z,2026-01-02T16:25:00Z,3500.0,13.5,16.8,1.6,86.6
TURB001,FARM01,2026-01-02T16:20:00Z,2026-01-02T16:22:00Z,3172.4,12.2,15.6,1.8,85.0
TURB001,FARM01,2026-01-02T16:25:00Z,2026-01-02T16:32:00Z,3488.1,13.4,17.2,1.8,89.1
TURB001,FARM01,2026-01-02T16:30:00Z,2026-01-02T16:34:00Z,3319.8,13.0,16.9,1.3,86.9
TURB001,FARM01,2026-01-02T16:35:00Z,2026-01-02T16:36:00Z,3167.8,12.2,15.5,1.5,85.9
TURB001,FARM01,2026-01-02T16:40:00Z,2026-01-02T16:42:00Z,3410.4,13.6,16.6,1.0,86.6
TURB001,FARM01,2026-01-02T16:45:00Z,2026-01-02T16:46:00Z,3160.3,11.9,15.9,1.7,86.4
TURB001,FARM01,2026-01-02T16:50:00Z,2026-01-02T16:52:00Z,3440.0,13.4,17.4,1.5,89.6
TURB001,FARM01,2026-01-02T16:55:00Z,2026-01-02T16:56:00Z,3161.6,11.9,15.8,2.5,85.7
TURB001,FARM01,2026-01-02T17:00:00Z,2026-01-02T17:18:00Z,3396.4,13.1,16.1,1.6,83.9
TURB001,FARM01,2026-01-02T17:05:00Z,2026-01-02T17:06:00Z,3220.8,12.7,15.4,1.0,82.5
TURB001,FARM01,2026-01-02T17:10:00Z,2026-01-02T17:12:00Z,3100.7,12.5,15.0,2.4,82.4
TURB001,FARM01,2026-01-02T17:15:00Z,2026-01-02T17:17:00Z,3462.5,13.4,17.2,1.1,85.4
TURB001,FARM01,2026-01-02T17:20:00Z,2026-01-02T17:31:00Z,3337.9,13.0,17.0,2.1,88.7
TURB001,FARM01,2026-01-02T17:25:00Z,2026-01-02T17:36:00Z,3220.4,12.5,15.7,1.5,86.5
TURB001,FARM01,2026-01-02T17:30:00Z,2026-01-02T17:37:00Z,3423.5,12.9,17.2,1.8,85.9
TURB001,FARM01,2026-01-02T17:35:00Z,2026-01-02T17:37:00Z,3022.9,11.4,15.5,1.7,83.7
TURB001,FARM01,2026-01-02T17:40:00Z,2026-01-02T17:41:00Z,2938.3,11.3,14.3,2.7,82.5
TURB001,FARM01,2026-01-02T17:45:00Z,2026-01-02T17:46:00Z,2928.1,11.2,14.9,2.9,83.7
TURB001,FARM01,2026-01-02T17:50:00Z,2026-01-02T17:52:00Z,3336.0,12.9,15.5,2.0,83.4
TURB001,FARM01,2026-01-02T17:55:00Z,2026-01-02T18:02:00Z,3221.5,12.1,16.7,2.5,87.1
TURB001,FARM01,2026-01-02T18:00:00Z,2026-01-02T18:01:00Z,2946.9,11.6,15.0,1.8,81.7
TURB001,FARM01,2026-01-02T18:05:00Z,2026-01-02T18:16:00Z,3031.2,12.2,14.9,1.8,83.0
TURB001,FARM01,2026-01-02T18:10:00Z,2026-01-02T18:12:00Z,2985.9,11.5,15.2,2.3,82.2
TURB001,FARM01,2026-01-02T18:15:00Z,2026-01-02T18:16:00Z,2735.0,10.7,14.1,3.2,81.1
TURB001,FARM01,2026-01-02T18:20:00Z,2026-01-02T18:21:00Z,2719.9,10.4,14.1,2.5,82.8
TURB001,FARM01,2026-01-02T18:25:00Z,2026-01-02T18:27:00Z,2918.5,10.9,16.0,3.1,86.1
TURB001,FARM01,2026-01-02T18:30:00Z,2026-01-02T18:41:00Z,3061.4,11.5,15.3,1.5,83.3
TURB001,FARM01,2026-01-02T18:35:00Z,2026-01-02T18:37:00Z,3014.1,11.6,15.9,2.5,84.1
TURB001,FARM01,2026-01-02T18:40:00Z,2026-01-02T18:41:00Z,2609.0,10.1,14.4,2.9,82.4
TURB001,FARM01,2026-01-02T18:45:00Z,2026-01-02T18:46:00Z,2774.7,10.8,14.6,2.8,83.2
TURB001,FARM01,2026-01-02T18:50:00Z,2026-01-02T19:01:00Z,2670.5,10.2,14.9,3.6,83.2
TURB001,FARM01,2026-01-02T18:55:00Z,2026-01-02T19:02:00Z,2864.0,10.8,15.7,2.2,85.3
TURB001,FARM01,2026-01-02T19:00:00Z,2026-01-02T19:02:00Z,3010.6,11.7,15.2,2.1,83.0
TURB001,FARM01,2026-01-02T19:05:00Z,2026-01-02T19:12:00Z,2932.3,11.5,15.5,1.7,85.2
TURB001,FARM01,2026-01-02T19:10:00Z,2026-01-02T19:21:00Z,2875.9,11.3,15.1,2.7,82.6
TURB001,FARM01,2026-01-02T19:15:00Z,2026-01-02T19:17:00Z,2930.3,11.3,15.1,2.4,85.1
TURB001,FARM01,2026-01-02T19:20:00Z,2026-01-02T19:22:00Z,2698.9,10.4,13.9,3.4,82.4
TURB001,FARM01,2026-01-02T19:25:00Z,2026-01-02T19:27:00Z,2653.4,9.4,14.7,2.6,84.9
TURB001,FARM01,2026-01-02T19:30:00Z,2026-01-02T19:32:00Z,2602.9,9.4,14.0,4.0,81.5
TURB001,FARM01,2026-01-02T19:35:00Z,2026-01-02T19:46:00Z,2783.6,11.0,14.6,3.1,84.5
TURB001,FARM01,2026-01-02T19:40:00Z,2026-01-02T19:41:00Z,2793.6,10.2,14.7,3.4,83.1
TURB001,FARM01,2026-01-02T19:45:00Z,2026-01-02T19:47:00Z,2823.6,10.7,15.2,2.6,83.5
TURB001,FARM01,2026-01-02T19:50:00Z,2026-01-02T19:51:00Z,2638.0,10.1,14.7,3.6,81.4
TURB001,FARM01,2026-01-02T19:55:00Z,2026-01-02T20:13:00Z,2794.0,10.5,15.6,3.3,86.0
TURB001,FARM01,2026-01-02T20:00:00Z,2026-01-02T20:11:00Z,2675.4,10.0,14.4,2.4,82.1
TURB001,FARM01,2026-01-02T20:05:00Z,2026-01-02T20:09:00Z,2452.3,8.6,14.4,3.3,81.5
TURB001,FARM01,2026-01-02T20:10:00Z,2026-01-02T20:28:00Z,2701.5,10.6,13.9,3.1,80.8
TURB001,FARM01,2026-01-02T20:15:00Z,2026-01-02T20:33:00Z,2747.6,10.4,15.1,3.5,82.6
TURB001,FARM01,2026-01-02T20:20:00Z,2026-01-02T20:38:00Z,2609.8,10.1,14.2,3.2,82.6
TURB001,FARM01,2026-01-02T20:25:00Z,2026-01-02T20:26:00Z,2486.4,8.7,14.4,3.9,83.5
TURB001,FARM01,2026-01-02T20:30:00Z,2026-01-02T20:31:00Z,2430.7,9.4,13.4,2.9,80.9
TURB001,FARM01,2026-01-02T20:35:00Z,2026-01-02T20:36:00Z,2307.0,8.5,14.3,3.1,80.6
TURB001,FARM01,2026-01-02T20:40:00Z,2026-01-02T20:41:00Z,2731.8,10.2,15.0,2.5,84.8
TURB001,FARM01,2026-01-02T20:45:00Z,2026-01-02T21:03:00Z,2610.4,9.5,13.7,3.1,81.1
TURB001,FARM01,2026-01-02T20:50:00Z,2026-01-02T20:51:00Z,2524.8,9.2,13.7,2.7,82.9
TURB001,FARM01,2026-01-02T20:55:00Z,2026-01-02T20:57:00Z,2391.8,8.4,13.3,3.1,81.0
TURB001,FARM01,2026-01-02T21:00:00Z,2026-01-02T21:01:00Z,2447.9,9.2,14.4,2.9,82.1
TURB001,FARM01,2026-01-02T21:05:00Z,2026-01-02T21:09:00Z,2310.0,8.7,13.0,2.9,81.3
TURB001,FARM01,2026-01-02T21:10:00Z,2026-01-02T21:28:00Z,2588.4,9.2,14.5,2.9,84.2
TURB001,FARM01,2026-01-02T21:15:00Z,2026-01-02T21:16:00Z,2233.0,8.1,13.3,4.1,81.9
TURB001,FARM01,2026-01-02T21:20:00Z,2026-01-02T21:24:00Z,2181.8,7.4,13.9,4.8,83.1
TURB001,FARM01,2026-01-02T21:25:00Z,2026-01-02T21:29:00Z,2224.0,8.0,12.5,3.1,81.3
TURB001,FARM01,2026-01-02T21:30:00Z,2026-01-02T21:32:00Z,2184.4,7.9,13.7,4.5,80.4
TURB001,FARM01,2026-01-02T21:35:00Z,2026-01-02T21:37:00Z,2594.5,9.4,14.7,3.7,83.4
TURB001,FARM01,2026-01-02T21:40:00Z,2026-01-02T21:51:00Z,2431.7,8.9,14.1,4.2,81.1
TURB001,FARM01,2026-01-02T21:45:00Z,2026-01-02T21:47:00Z,2405.5,8.8,14.0,4.2,83.0
TURB001,FARM01,2026-01-02T21:50:00Z,2026-01-02T21:54:00Z,2375.3,8.7,14.0,3.5,83.5
TURB001,FARM01,2026-01-02T21:55:00Z,2026-01-02T21:57:00Z,2427.4,9.0,14.6,4.0,81.5
TURB001,FARM01,2026-01-02T22:00:00Z,2026-01-02T22:07:00Z,2482.7,8.7,14.2,3.6,83.7
TURB001,FARM01,2026-01-02T22:05:00Z,2026-01-02T22:12:00Z,2280.9,8.4,13.0,3.2,81.6
TURB001,FARM01,2026-01-02T22:10:00Z,2026-01-02T22:11:00Z,2107.1,7.7,13.3,3.9,79.0
TURB001,FARM01,2026-01-02T22:15:00Z,2026-01-02T22:26:00Z,2176.7,7.9,12.6,3.3,80.2
TURB001,FARM01,2026-01-02T22:20:00Z,2026-01-02T22:38:00Z,2008.3,6.8,13.3,3.8,79.4
TURB001,FARM01,2026-01-02T22:25:00Z,2026-01-02T22:27:00Z,2032.0,7.0,13.4,3.8,79.1
TURB001,FARM01,2026-01-02T22:35:00Z,2026-01-02T22:37:00Z,2072.8,7.3,12.0,4.0,77.2
TURB001,FARM01,2026-01-02T22:40:00Z,2026-01-02T22:51:00Z,2216.1,7.7,13.6,3.3,81.6
TURB001,FARM01,2026-01-02T22:45:00Z,2026-01-02T22:46:00Z,2155.9,7.5,12.9,3.2,80.1
TURB001,FARM01,2026-01-02T22:50:00Z,2026-01-02T22:52:00Z,2303.6,8.5,14.1,3.6,80.1
TURB001,FARM01,2026-01-02T22:55:00Z,2026-01-02T22:59:00Z,2043.4,6.9,13.4,4.0,79.2
TURB001,FARM01,2026-01-02T23:00:00Z,2026-01-02T23:18:00Z,2033.2,6.7,13.2,4.1,79.6
TURB001,FARM01,2026-01-02T23:05:00Z,2026-01-02T23:07:00Z,2359.9,8.4,14.5,3.4,84.3
TURB001,FARM01,2026-01-02T23:10:00Z,2026-01-02T23:12:00Z,1944.5,6.6,13.3,4.9,78.7
TURB001,FARM01,2026-01-02T23:15:00Z,2026-01-02T23:16:00Z,1932.2,6.7,11.6,4.4,76.1
TURB001,FARM01,2026-01-02T23:20:00Z,2026-01-02T23:21:00Z,2065.1,7.1,13.0,4.7,80.6
TURB001,FARM01,2026-01-02T23:25:00Z,2026-01-02T23:36:00Z,2179.7,7.7,13.4,3.2,81.6
TURB001,FARM01,2026-01-02T23:30:00Z,2026-01-02T23:31:00Z,1888.6,6.4,11.8,4.9,76.9
TURB001,FARM01,2026-01-02T23:35:00Z,2026-01-02T23:37:00Z,2010.3,6.8,12.9,4.6,79.0
TURB001,FARM01,2026-01-02T23:40:00Z,2026-01-02T23:41:00Z,2041.8,7.0,13.5,4.3,81.4
TURB001,FARM01,2026-01-02T23:45:00Z,2026-01-02T23:52:00Z,2152.6,7.2,13.0,4.6,81.5
TURB001,FARM01,2026-01-02T23:50:00Z,2026-01-03T00:08:00Z,2093.6,7.7,12.7,3.2,79.6
TURB001,FARM01,2026-01-02T23:55:00Z,2026-01-03T00:13:00Z,1960.5,6.7,11.6,4.6,79.3
TURB002,FARM02,2026-01-01T00:00:00Z,2026-01-01T00:04:00Z,1684.5,6.5,11.2,4.6,79.4
TURB002,FARM02,2026-01-01T00:05:00Z,2026-01-01T00:07:00Z,1961.1,7.7,12.6,4.8,80.0
TURB002,FARM02,2026-01-01T00:10:00Z,2026-01-01T00:11:00Z,2175.0,8.2,13.7,3.6,83.5
TURB002,FARM02,2026-01-01T00:15:00Z,2026-01-01T00:17:00Z,1809.3,6.3,12.4,3.9,82.0
TURB002,FARM02,2026-01-01T00:20:00Z,2026-01-01T00:27:00Z,1948.9,6.8,13.0,5.1,80.6
TURB002,FARM02,2026-01-01T00:25:00Z,2026-01-01T00:36:00Z,2035.3,8.0,12.3,3.7,82.2
TURB002,FARM02,2026-01-01T00:35:00Z,2026-01-01T00:37:00Z,1986.6,7.7,12.7,3.9,82.5
TURB002,FARM02,2026-01-01T00:40:00Z,2026-01-01T00:58:00Z,1978.0,7.7,11.9,4.7,78.2
TURB002,FARM02,2026-01-01T00:45:00Z,2026-01-01T00:46:00Z,2092.0,8.0,13.2,3.4,81.5
TURB002,FARM02,2026-01-01T00:50:00Z,2026-01-01T01:08:00Z,2163.5,8.1,13.7,4.2,84.3
TURB002,FARM02,2026-01-01T00:55:00Z,2026-01-01T00:57:00Z,1709.9,6.3,11.7,3.9,78.4
TURB002,FARM02,2026-01-01T01:00:00Z,2026-01-01T01:01:00Z,2229.3,8.4,13.5,3.5,82.4
TURB002,FARM02,2026-01-01T01:05:00Z,2026-01-01T01:07:00Z,1955.7,7.0,12.8,4.3,81.9
TURB002,FARM02,2026-01-01T01:10:00Z,2026-01-01T01:12:00Z,2139.3,8.1,13.0,4.7,79.8
TURB002,FARM02,2026-01-01T01:15:00Z,2026-01-01T01:22:00Z,1980.6,7.2,12.4,4.2,79.2
TURB002,FARM02,2026-01-01T01:20:00Z,2026-01-01T01:31:00Z,1891.3,6.6,13.0,3.8,80.5
TURB002,FARM02,2026-01-01T01:25:00Z,2026-01-01T01:43:00Z,1991.8,8.0,12.1,3.8,80.2
TURB002,FARM02,2026-01-01T01:30:00Z,2026-01-01T01:41:00Z,1816.5,7.1,11.6,4.3,79.8
TURB002,FARM02,2026-01-01T01:35:00Z,2026-01-01T01:39:00Z,1796.0,6.1,11.9,5.3,80.8
TURB002,FARM02,2026-01-01T01:40:00Z,2026-01-01T01:41:00Z,2129.8,8.2,13.2,4.1,81.6
TURB002,FARM02,2026-01-01T01:45:00Z,2026-01-01T01:52:00Z,2168.6,8.1,13.6,3.6,83.7
TURB002,FARM02,2026-01-01T01:50:00Z,2026-01-01T01:54:00Z,1998.2,7.8,12.0,4.4,78.8
TURB002,FARM02,2026-01-01T01:55:00Z,2026-01-01T02:06:00Z,1971.4,7.4,12.3,3.5,82.0
TURB002,FARM02,2026-01-01T02:00:00Z,2026-01-01T02:18:00Z,1768.3,6.4,12.2,4.1,81.9
TURB002,FARM02,2026-01-01T02:05:00Z,2026-01-01T02:06:00Z,2028.4,8.2,12.4,3.6,81.5
TURB002,FARM02,2026-01-01T02:10:00Z,2026-01-01T02:28:00Z,2050.7,8.1,12.8,4.1,83.1
TURB002,FARM02,2026-01-01T02:20:00Z,2026-01-01T02:22:00Z,1781.6,6.2,12.3,4.8,80.1
TURB002,FARM02,2026-01-01T02:25:00Z,2026-01-01T02:32:00Z,2076.1,7.9,12.2,4.4,78.6
TURB002,FARM02,2026-01-01T02:30:00Z,2026-01-01T02:34:00Z,2029.4,7.5,12.4,4.9,82.2
TURB002,FARM02,2026-01-01T02:35:00Z,2026-01-01T02:39:00Z,1882.5,7.3,12.2,3.9,81.3
TURB002,FARM02,2026-01-01T02:40:00Z,2026-01-01T02:42:00Z,2198.4,8.4,13.2,3.4,82.9
TURB002,FARM02,2026-01-01T02:45:00Z,2026-01-01T02:47:00Z,1913.2,6.9,12.5,4.1,80.1
TURB002,FARM02,2026-01-01T02:50:00Z,2026-01-01T03:08:00Z,2030.6,7.7,13.1,3.8,80.2
TURB002,FARM02,2026-01-01T02:55:00Z,2026-01-01T02:59:00Z,2189.7,7.9,13.7,4.3,83.5
TURB002,FARM02,2026-01-01T03:00:00Z,2026-01-01T03:01:00Z,2205.9,8.7,13.1,2.8,80.2
TURB002,FARM02,2026-01-01T03:05:00Z,2026-01-01T03:09:00Z,2071.3,8.2,12.4,4.2,79.2
TURB002,FARM02,2026-01-01T03:10:00Z,2026-01-01T03:17:00Z,1842.8,6.9,11.4,4.8,77.7
TURB002,FARM02,2026-01-01T03:15:00Z,2026-01-01T03:26:00Z,2238.7,8.6,12.5,4.2,81.6
TURB002,FARM02,2026-01-01T03:20:00Z,2026-01-01T03:31:00Z,2009.2,7.3,13.0,4.7,80.8
TURB002,FARM02,2026-01-01T03:25:00Z,2026-01-01T03:26:00Z,2096.3,7.7,13.6,4.8,81.9
TURB002,FARM02,2026-01-01T03:30:00Z,2026-01-01T03:32:00Z,2180.1,8.6,12.7,4.2,82.4
TURB002,FARM02,2026-01-01T03:35:00Z,2026-01-01T03:37:00Z,2347.8,9.1,13.9,3.7,84.2
TURB002,FARM02,2026-01-01T03:40:00Z,2026-01-01T03:42:00Z,2342.0,8.8,14.3,3.2,82.4
TURB002,FARM02,2026-01-01T03:45:00Z,2026-01-01T03:49:00Z,2357.4,9.3,14.1,2.7,81.6
TURB002,FARM02,2026-01-01T03:50:00Z,2026-01-01T03:52:00Z,2003.2,7.3,12.7,3.8,80.3
TURB002,FARM02,2026-01-01T03:55:00Z,2026-01-01T04:13:00Z,1996.7,7.1,13.2,4.4,83.1
TURB002,FARM02,2026-01-01T04:00:00Z,2026-01-01T04:22:00Z,2322.8,9.1,13.6,2.8,83.4
TURB002,FARM02,2026-01-01T04:05:00Z,2026-01-01T04:07:00Z,1904.0,7.3,12.5,4.1,80.9
TURB002,FARM02,2026-01-01T04:10:00Z,2026-01-01T04:28:00Z,2472.2,9.4,14.0,3.0,82.5
TURB002,FARM02,2026-01-01T04:15:00Z,2026-01-01T04:33:00Z,2516.4,9.8,14.5,3.9,82.2
TURB002,FARM02,2026-01-01T04:20:00Z,2026-01-01T04:27:00Z,2035.4,7.9,13.1,4.6,80.8
TURB002,FARM02,2026-01-01T04:25:00Z,2026-01-01T04:26:00Z,2241.5,8.4,13.7,3.1,81.8
TURB002,FARM02,2026-01-01T04:30:00Z,2026-01-01T04:31:00Z,2478.8,9.7,14.5,2.9,85.4
TURB002,FARM02,2026-01-01T04:35:00Z,2026-01-01T04:36:00Z,2113.0,8.3,13.4,3.5,80.5
TURB002,FARM02,2026-01-01T04:40:00Z,2026-01-01T04:41:00Z,2331.0,9.2,13.0,3.6,80.4
TURB002,FARM02,2026-01-01T04:45:00Z,2026-01-01T04:46:00Z,2168.1,8.2,13.7,4.4,83.7
TURB002,FARM02,2026-01-01T04:50:00Z,2026-01-01T04:51:00Z,2320.5,9.6,13.1,3.1,81.1
TURB002,FARM02,2026-01-01T04:55:00Z,2026-01-01T05:06:00Z,2189.6,8.3,12.6,3.1,82.1
TURB002,FARM02,2026-01-01T05:00:00Z,2026-01-01T05:01:00Z,2315.8,8.9,13.6,3.4,80.7
TURB002,FARM02,2026-01-01T05:05:00Z,2026-01-01T05:06:00Z,2459.6,9.6,14.0,3.6,83.7
TURB002,FARM02,2026-01-01T05:10:00Z,2026-01-01T05:14:00Z,2305.5,8.9,13.4,3.2,83.1
TURB002,FARM02,2026-01-01T05:15:00Z,2026-01-01T05:17:00Z,2495.6,10.0,13.9,2.9,83.8
TURB002,FARM02,2026-01-01T05:20:00Z,2026-01-01T05:22:00Z,2267.3,8.5,13.0,4.1,81.7
TURB002,FARM02,2026-01-01T05:25:00Z,2026-01-01T05:26:00Z,2372.3,9.0,14.2,4.2,85.2
TURB002,FARM02,2026-01-01T05:30:00Z,2026-01-01T05:31:00Z,2469.0,9.7,14.0,2.5,81.3
TURB002,FARM02,2026-01-01T05:35:00Z,2026-01-01T05:37:00Z,2354.9,9.2,14.1,4.0,82.8
TURB002,FARM02,2026-01-01T05:40:00Z,2026-01-01T05:41:00Z,2202.9,8.9,12.9,4.0,80.1
TURB002,FARM02,2026-01-01T05:45:00Z,2026-01-01T05:49:00Z,2701.1,10.7,15.3,3.5,85.4
TURB002,FARM02,2026-01-01T05:50:00Z,2026-01-01T05:57:00Z,2611.0,10.3,13.7,2.4,83.2
TURB002,FARM02,2026-01-01T05:55:00Z,2026-01-01T06:02:00Z,2395.5,9.1,13.8,2.8,83.4
TURB002,FARM02,2026-01-01T06:00:00Z,2026-01-01T06:07:00Z,2437.3,10.0,13.7,3.3,83.6
TURB002,FARM02,2026-01-01T06:05:00Z,2026-01-01T06:20:00Z,2783.7,10.9,15.5,2.1,85.1
TURB002,FARM02,2026-01-01T06:10:00Z,2026-01-01T06:17:00Z,2671.8,11.1,13.9,2.9,84.7
TURB002,FARM02,2026-01-01T06:15:00Z,2026-01-01T06:19:00Z,2638.0,11.0,14.6,2.0,84.9
TURB002,FARM02,2026-01-01T06:20:00Z,2026-01-01T06:21:00Z,2780.1,11.3,14.1,2.5,82.5
TURB002,FARM02,2026-01-01T06:25:00Z,2026-01-01T06:36:00Z,2806.8,11.0,15.4,3.1,86.2
TURB002,FARM02,2026-01-01T06:30:00Z,2026-01-01T06:48:00Z,2778.6,11.2,14.2,1.8,82.6
TURB002,FARM02,2026-01-01T06:35:00Z,2026-01-01T06:39:00Z,2683.9,11.0,13.9,2.4,84.7
TURB002,FARM02,2026-01-01T06:40:00Z,2026-01-01T06:42:00Z,2393.7,9.8,13.9,2.4,82.6
TURB002,FARM02,2026-01-01T06:45:00Z,2026-01-01T07:03:00Z,2878.5,11.7,15.6,2.5,84.7
TURB002,FARM02,2026-01-01T06:50:00Z,2026-01-01T07:05:00Z,2468.5,10.1,14.2,3.1,85.1
TURB002,FARM02,2026-01-01T06:55:00Z,2026-01-01T07:17:00Z,2462.3,9.9,14.5,2.7,83.2
TURB002,FARM02,2026-01-01T07:00:00Z,2026-01-01T07:07:00Z,2836.0,12.1,15.0,2.1,84.8
TURB002,FARM02,2026-01-01T07:05:00Z,2026-01-01T07:07:00Z,2629.3,10.2,15.1,3.2,84.2
TURB002,FARM02,2026-01-01T07:10:00Z,2026-01-01T07:14:00Z,2612.4,10.9,14.3,2.8,85.5
TURB002,FARM02,2026-01-01T07:15:00Z,2026-01-01T07:33:00Z,2811.4,11.0,15.4,2.6,85.2
TURB002,FARM02,2026-01-01T07:20:00Z,2026-01-01T07:22:00Z,2967.5,12.1,16.0,1.3,88.3
TURB002,FARM02,2026-01-01T07:25:00Z,2026-01-01T07:26:00Z,2588.3,10.4,14.6,2.4,83.0
TURB002,FARM02,2026-01-01T07:30:00Z,2026-01-01T07:48:00Z,2917.5,12.0,15.0,1.9,83.5
TURB002,FARM02,2026-01-01T07:35:00Z,2026-01-01T07:37:00Z,2583.8,10.9,13.9,3.2,81.2
TURB002,FARM02,2026-01-01T07:40:00Z,2026-01-01T07:42:00Z,2622.2,10.8,14.5,3.3,82.8
TURB002,FARM02,2026-01-01T07:45:00Z,2026-01-01T07:49:00Z,2926.0,11.9,14.9,3.0,85.4
TURB002,FARM02,2026-01-01T07:50:00Z,2026-01-01T07:52:00Z,3074.1,13.0,15.2,1.9,85.3
TURB002,FARM02,2026-01-01T07:55:00Z,2026-01-01T07:59:00Z,3030.7,12.8,15.8,2.3,87.8
TURB002,FARM02,2026-01-01T08:00:00Z,2026-01-01T08:11:00Z,2709.8,11.3,15.1,3.2,85.6
TURB002,FARM02,2026-01-01T08:05:00Z,2026-01-01T08:16:00Z,2834.9,11.9,14.3,1.7,85.3
TURB002,FARM02,2026-01-01T08:10:00Z,2026-01-01T08:11:00Z,3142.5,13.0,16.0,1.2,88.3
TURB002,FARM02,2026-01-01T08:15:00Z,2026-01-01T08:37:00Z,2708.0,11.3,15.1,3.1,85.3
TURB002,FARM02,2026-01-01T08:20:00Z,2026-01-01T08:38:00Z,3055.7,12.2,16.0,2.4,86.5
TURB002,FARM02,2026-01-01T08:25:00Z,2026-01-01T08:26:00Z,3171.1,13.2,15.6,1.8,87.1
TURB002,FARM02,2026-01-01T08:30:00Z,2026-01-01T08:41:00Z,2887.0,12.4,14.9,2.4,86.5
TURB002,FARM02,2026-01-01T08:35:00Z,2026-01-01T08:36:00Z,2857.9,12.0,14.2,2.5,81.7
TURB002,FARM02,2026-01-01T08:40:00Z,2026-01-01T08:51:00Z,2890.8,12.4,14.8,2.5,84.4
TURB002,FARM02,2026-01-01T08:45:00Z,2026-01-01T09:10:00Z,3089.1,13.2,15.4,2.2,85.3
TURB002,FARM02,2026-01-01T08:50:00Z,2026-01-01T09:08:00Z,2943.3,12.6,14.9,2.0,85.2
TURB002,FARM02,2026-01-01T08:55:00Z,2026-01-01T08:56:00Z,2984.1,12.3,15.0,1.8,85.8
TURB002,FARM02,2026-01-01T09:00:00Z,2026-01-01T09:11:00Z,3180.8,13.6,16.0,1.8,85.4
TURB002,FARM02,2026-01-01T09:05:00Z,2026-01-01T09:16:00Z,3230.3,13.8,16.8,1.6,88.9
TURB002,FARM02,2026-01-01T09:10:00Z,2026-01-01T09:20:00Z,3360.0,14.3,15.5,0.5,84.5
TURB002,FARM02,2026-01-01T09:15:00Z,2026-01-01T09:26:00Z,2884.0,12.1,14.7,1.4,82.7
TURB002,FARM02,2026-01-01T09:20:00Z,2026-01-01T09:22:00Z,3292.3,13.6,16.1,1.8,87.3
TURB002,FARM02,2026-01-01T09:25:00Z,2026-01-01T09:29:00Z,3288.0,13.7,16.0,0.9,87.4
TURB002,FARM02,2026-01-01T09:30:00Z,2026-01-01T09:31:00Z,3090.6,12.7,16.1,1.9,87.8
TURB002,FARM02,2026-01-01T09:35:00Z,2026-01-01T09:46:00Z,3119.1,13.1,16.1,2.4,85.3
TURB002,FARM02,2026-01-01T09:40:00Z,2026-01-01T09:41:00Z,3169.8,13.2,15.7,1.8,86.2
TURB002,FARM02,2026-01-01T09:45:00Z,2026-01-01T09:52:00Z,3360.0,14.7,16.8,1.4,88.4
TURB002,FARM02,2026-01-01T09:50:00Z,2026-01-01T09:51:00Z,3360.0,14.8,16.4,1.1,86.2
TURB002,FARM02,2026-01-01T09:55:00Z,2026-01-01T09:56:00Z,3095.3,13.2,15.7,1.0,84.4
TURB002,FARM02,2026-01-01T10:00:00Z,2026-01-01T10:18:00Z,3360.0,14.6,17.5,1.6,90.7
TURB002,FARM02,2026-01-01T10:05:00Z,2026-01-01T10:23:00Z,3360.0,15.0,17.0,1.3,89.6
TURB002,FARM02,2026-01-01T10:10:00Z,2026-01-01T10:21:00Z,3360.0,14.4,17.3,1.7,89.0
TURB002,FARM02,2026-01-01T10:15:00Z,2026-01-01T10:22:00Z,3360.0,14.3,17.5,1.4,88.2
TURB002,FARM02,2026-01-01T10:20:00Z,2026-01-01T10:27:00Z,3203.6,14.1,15.4,1.8,84.7
TURB002,FARM02,2026-01-01T10:25:00Z,2026-01-01T10:29:00Z,3224.4,13.0,16.6,1.7,87.2
TURB002,FARM02,2026-01-01T10:30:00Z,2026-01-01T10:32:00Z,3242.5,13.4,16.4,2.3,86.3
TURB002,FARM02,2026-01-01T10:35:00Z,2026-01-01T10:42:00Z,3360.0,14.8,17.5,0.5,88.2
TURB002,FARM02,2026-01-01T10:40:00Z,2026-01-01T10:41:00Z,3164.3,13.4,15.2,2.2,86.1
TURB002,FARM02,2026-01-01T10:45:00Z,2026-01-01T11:07:00Z,3360.0,14.9,16.9,0.1,88.3
TURB002,FARM02,2026-01-01T10:50:00Z,2026-01-01T10:52:00Z,3360.0,15.2,17.0,1.5,90.2
TURB002,FARM02,2026-01-01T10:55:00Z,2026-01-01T10:56:00Z,3360.0,15.0,16.2,0.9,86.7
TURB002,FARM02,2026-01-01T11:00:00Z,2026-01-01T11:18:00Z,3360.0,14.4,16.4,1.4,86.1
TURB002,FARM02,2026-01-01T11:05:00Z,2026-01-01T11:12:00Z,3190.8,14.0,15.4,1.6,85.2
TURB002,FARM02,2026-01-01T11:10:00Z,2026-01-01T11:17:00Z,3360.0,14.8,16.3,1.0,86.2
TURB002,FARM02,2026-01-01T11:15:00Z,2026-01-01T11:26:00Z,3329.6,14.2,16.4,0.7,88.3
TURB002,FARM02,2026-01-01T11:20:00Z,2026-01-01T11:21:00Z,3235.2,14.0,15.7,0.7,86.6
TURB002,FARM02,2026-01-01T11:25:00Z,2026-01-01T11:27:00Z,3360.0,15.2,17.6,0.9,90.9
TURB002,FARM02,2026-01-01T11:30:00Z,2026-01-01T11:37:00Z,3360.0,14.6,15.7,0.9,84.8
TURB002,FARM02,2026-01-01T11:35:00Z,2026-01-01T11:37:00Z,3360.0,15.4,16.7,0.8,88.3
TURB002,FARM02,2026-01-01T11:40:00Z,2026-01-01T11:47:00Z,3258.9,13.6,16.7,1.4,88.5
TURB002,FARM02,2026-01-01T11:45:00Z,2026-01-01T11:56:00Z,3295.5,14.1,16.1,1.3,88.2
TURB002,FARM02,2026-01-01T11:50:00Z,2026-01-01T11:52:00Z,3325.8,13.8,16.9,2.1,87.2
TURB002,FARM02,2026-01-01T11:55:00Z,2026-01-01T12:13:00Z,3360.0,16.0,17.0,0.1,88.6
TURB002,FARM02,2026-01-01T12:00:00Z,2026-01-01T12:02:00Z,3360.0,15.8,17.1,0.2,89.2
TURB002,FARM02,2026-01-01T12:05:00Z,2026-01-01T12:06:00Z,3360.0,15.2,17.8,0.6,90.4
TURB002,FARM02,2026-01-01T12:10:00Z,2026-01-01T12:21:00Z,3282.7,13.8,15.9,1.1,87.2
TURB002,FARM02,2026-01-01T12:15:00Z,2026-01-01T12:33:00Z,3360.0,14.3,16.4,1.7,86.9
TURB002,FARM02,2026-01-01T12:20:00Z,2026-01-01T12:21:00Z,3360.0,14.7,16.1,0.2,87.8
TURB002,FARM02,2026-01-01T12:25:00Z,2026-01-01T12:26:00Z,3327.3,14.2,16.2,0.6,88.9
TURB002,FARM02,2026-01-01T12:30:00Z,2026-01-01T12:32:00Z,3205.6,13.7,16.0,1.8,85.0
TURB002,FARM02,2026-01-01T12:35:00Z,2026-01-01T12:53:00Z,3360.0,13.9,17.1,1.2,87.6
TURB002,FARM02,2026-01-01T12:40:00Z,2026-01-01T12:47:00Z,3360.0,15.2,16.3,1.3,85.4
TURB002,FARM02,2026-01-01T12:45:00Z,2026-01-01T12:47:00Z,3360.0,15.8,17.3,1.1,90.8
TURB002,FARM02,2026-01-01T12:50:00Z,2026-01-01T13:01:00Z,3360.0,16.1,17.9,0.0,90.4
TURB002,FARM02,2026-01-01T12:55:00Z,2026-01-01T12:56:00Z,3360.0,15.0,17.2,0.5,88.2
TURB002,FARM02,2026-01-01T13:00:00Z,2026-01-01T13:02:00Z,3360.0,14.8,16.5,0.6,86.9
TURB002,FARM02,2026-01-01T13:05:00Z,2026-01-01T13:23:00Z,3360.0,14.5,16.6,0.3,89.4
TURB002,FARM02,2026-01-01T13:10:00Z,2026-01-01T13:17:00Z,3360.0,14.4,17.1,1.6,89.0
TURB002,FARM02,2026-01-01T13:20:00Z,2026-01-01T13:31:00Z,3360.0,14.2,17.2,1.1,87.8
TURB002,FARM02,2026-01-01T13:25:00Z,2026-01-01T13:29:00Z,3360.0,15.7,16.8,0.0,88.6
TURB002,FARM02,2026-01-01T13:30:00Z,2026-01-01T13:32:00Z,3360.0,14.4,17.0,1.6,88.2
TURB002,FARM02,2026-01-01T13:40:00Z,2026-01-01T13:58:00Z,3289.6,14.0,15.5,1.2,85.8
TURB002,FARM02,2026-01-01T13:45:00Z,2026-01-01T13:46:00Z,3222.4,14.1,15.4,0.5,85.9
TURB002,FARM02,2026-01-01T13:50:00Z,2026-01-01T13:51:00Z,3263.3,14.3,15.8,1.1,84.4
TURB002,FARM02,2026-01-01T13:55:00Z,2026-01-01T14:13:00Z,3360.0,14.8,16.5,0.6,88.8
TURB002,FARM02,2026-01-01T14:00:00Z,2026-01-01T14:04:00Z,3360.0,15.3,16.1,0.0,88.0
TURB002,FARM02,2026-01-01T14:05:00Z,2026-01-01T14:16:00Z,3360.0,15.5,16.3,0.6,86.1
TURB002,FARM02,2026-01-01T14:10:00Z,2026-01-01T14:28:00Z,3360.0,15.6,16.5,1.0,86.6
TURB002,FARM02,2026-01-01T14:15:00Z,2026-01-01T14:17:00Z,3323.8,14.1,17.4,0.8,90.0
TURB002,FARM02,2026-01-01T14:20:00Z,2026-01-01T14:21:00Z,3360.0,14.6,17.0,0.7,87.9
TURB002,FARM02,2026-01-01T14:25:00Z,2026-01-01T14:32:00Z,3360.0,15.3,17.1,0.1,88.7
TURB002,FARM02,2026-01-01T14:30:00Z,2026-01-01T14:37:00Z,3360.0,15.6,17.9,0.1,88.6
TURB002,FARM02,2026-01-01T14:35:00Z,2026-01-01T14:36:00Z,3183.6,13.4,16.6,1.7,87.3
TURB002,FARM02,2026-01-01T14:40:00Z,2026-01-01T14:42:00Z,3360.0,14.8,17.1,1.2,87.3
TURB002,FARM02,2026-01-01T14:45:00Z,2026-01-01T14:46:00Z,3275.0,13.7,15.3,1.6,87.3
TURB002,FARM02,2026-01-01T14:50:00Z,2026-01-01T14:52:00Z,3148.6,13.4,16.3,1.9,88.4
TURB002,FARM02,2026-01-01T14:55:00Z,2026-01-01T14:57:00Z,3360.0,14.0,16.4,1.5,86.9
TURB002,FARM02,2026-01-01T15:00:00Z,2026-01-01T15:18:00Z,3069.1,13.2,15.6,2.0,85.1
TURB002,FARM02,2026-01-01T15:05:00Z,2026-01-01T15:12:00Z,3360.0,14.5,16.7,1.0,88.2
TURB002,FARM02,2026-01-01T15:10:00Z,2026-01-01T15:11:00Z,3360.0,14.9,16.4,1.4,89.1
TURB002,FARM02,2026-01-01T15:15:00Z,2026-01-01T15:26:00Z,3360.0,14.4,16.4,1.6,87.7
TURB002,FARM02,2026-01-01T15:20:00Z,2026-01-01T15:27:00Z,3360.0,14.8,17.5,1.1,88.9
TURB002,FARM02,2026-01-01T15:25:00Z,2026-01-01T15:43:00Z,3360.0,14.7,17.1,1.0,88.1
TURB002,FARM02,2026-01-01T15:30:00Z,2026-01-01T15:31:00Z,3360.0,14.8,16.1,0.6,86.6
TURB002,FARM02,2026-01-01T15:35:00Z,2026-01-01T15:37:00Z,3344.2,14.1,15.6,1.8,84.5
TURB002,FARM02,2026-01-01T15:40:00Z,2026-01-01T15:58:00Z,3066.2,13.1,15.2,0.9,85.9
TURB002,FARM02,2026-01-01T15:45:00Z,2026-01-01T15:46:00Z,3355.7,14.0,16.7,0.9,87.5
TURB002,FARM02,2026-01-01T15:50:00Z,2026-01-01T16:08:00Z,3149.2,12.7,16.4,2.1,89.2
TURB002,FARM02,2026-01-01T15:55:00Z,2026-01-01T16:02:00Z,3360.0,14.6,15.8,1.1,88.2
TURB002,FARM02,2026-01-01T16:00:00Z,2026-01-01T16:04:00Z,3360.0,14.5,15.8,1.2,86.5
TURB002,FARM02,2026-01-01T16:05:00Z,2026-01-01T16:16:00Z,2972.4,12.7,15.0,1.9,83.5
TURB002,FARM02,2026-01-01T16:10:00Z,2026-01-01T16:21:00Z,3043.2,12.9,15.8,1.4,86.8
TURB002,FARM02,2026-01-01T16:15:00Z,2026-01-01T16:26:00Z,3360.0,14.2,17.0,1.3,89.1
TURB002,FARM02,2026-01-01T16:20:00Z,2026-01-01T16:22:00Z,3345.7,14.5,16.0,0.6,86.3
TURB002,FARM02,2026-01-01T16:25:00Z,2026-01-01T16:32:00Z,3241.5,13.6,16.3,2.2,88.8
TURB002,FARM02,2026-01-01T16:30:00Z,2026-01-01T16:32:00Z,3326.5,14.3,16.3,1.4,88.6
TURB002,FARM02,2026-01-01T16:35:00Z,2026-01-01T16:53:00Z,3139.2,13.5,15.5,1.9,87.6
TURB002,FARM02,2026-01-01T16:40:00Z,2026-01-01T16:55:00Z,3141.5,13.2,15.6,2.0,88.1
TURB002,FARM02,2026-01-01T16:45:00Z,2026-01-01T16:49:00Z,3002.7,12.0,16.1,1.7,86.2
TURB002,FARM02,2026-01-01T16:50:00Z,2026-01-01T17:08:00Z,3284.1,14.2,16.4,1.3,87.8
TURB002,FARM02,2026-01-01T17:00:00Z,2026-01-01T17:04:00Z,2953.0,12.6,14.8,1.7,85.1
TURB002,FARM02,2026-01-01T17:05:00Z,2026-01-01T17:23:00Z,2912.4,11.9,14.9,2.9,85.9
TURB002,FARM02,2026-01-01T17:10:00Z,2026-01-01T17:14:00Z,3015.1,12.0,15.8,2.4,86.8
TURB002,FARM02,2026-01-01T17:15:00Z,2026-01-01T17:22:00Z,2932.7,11.6,15.6,2.1,87.1
TURB002,FARM02,2026-01-01T17:20:00Z,2026-01-01T17:22:00Z,3065.0,12.3,16.0,1.9,88.2
TURB002,FARM02,2026-01-01T17:25:00Z,2026-01-01T17:26:00Z,3215.7,13.2,16.6,2.3,88.3
TURB002,FARM02,2026-01-01T17:30:00Z,2026-01-01T17:32:00Z,2866.7,12.1,14.3,2.2,82.4
TURB002,FARM02,2026-01-01T17:35:00Z,2026-01-01T17:36:00Z,2886.8,11.6,15.3,3.1,87.4
TURB002,FARM02,2026-01-01T17:40:00Z,2026-01-01T17:41:00Z,2758.0,11.7,14.6,2.1,82.9
TURB002,FARM02,2026-01-01T17:45:00Z,2026-01-01T17:47:00Z,2995.7,12.4,15.0,1.8,84.7
TURB002,FARM02,2026-01-01T17:50:00Z,2026-01-01T17:52:00Z,2917.7,12.2,14.7,1.9,84.8
TURB002,FARM02,2026-01-01T17:55:00Z,2026-01-01T17:56:00Z,2792.8,11.5,14.4,2.3,84.8
TURB002,FARM02,2026-01-01T18:00:00Z,2026-01-01T18:01:00Z,3011.1,12.5,15.3,1.7,84.8
TURB002,FARM02,2026-01-01T18:05:00Z,2026-01-01T18:07:00Z,3046.2,12.7,14.9,1.6,86.1
TURB002,FARM02,2026-01-01T18:10:00Z,2026-01-01T18:11:00Z,2100.0,9.9,11.4,44.0,70.2
TURB002,FARM02,2026-01-01T18:15:00Z,2026-01-01T18:19:00Z,2682.8,10.9,13.7,3.4,84.4
TURB002,FARM02,2026-01-01T18:25:00Z,2026-01-01T18:27:00Z,2544.0,10.5,14.7,2.2,84.3
TURB002,FARM02,2026-01-01T18:30:00Z,2026-01-01T18:32:00Z,2914.0,12.2,14.7,2.2,85.5
TURB002,FARM02,2026-01-01T18:35:00Z,2026-01-01T18:39:00Z,2924.0,12.0,15.5,2.0,87.5
TURB002,FARM02,2026-01-01T18:40:00Z,2026-01-01T18:41:00Z,2528.9,10.6,14.0,3.2,83.7
TURB002,FARM02,2026-01-01T18:50:00Z,2026-01-01T18:51:00Z,2534.0,10.2,14.4,3.2,85.7
TURB002,FARM02,2026-01-01T18:55:00Z,2026-01-01T18:56:00Z,2520.3,10.0,14.7,3.3,83.5
TURB002,FARM02,2026-01-01T19:00:00Z,2026-01-01T19:18:00Z,2871.7,12.1,15.2,2.3,83.7
TURB002,FARM02,2026-01-01T19:05:00Z,2026-01-01T19:23:00Z,2726.5,11.1,15.1,1.8,86.9
TURB002,FARM02,2026-01-01T19:10:00Z,2026-01-01T19:12:00Z,2611.5,10.6,13.7,2.5,82.2
TURB002,FARM02,2026-01-01T19:15:00Z,2026-01-01T19:26:00Z,2932.6,12.0,16.1,1.8,85.3
TURB002,FARM02,2026-01-01T19:20:00Z,2026-01-01T19:22:00Z,2847.7,11.7,15.6,1.5,86.3
TURB002,FARM02,2026-01-01T19:25:00Z,2026-01-01T19:27:00Z,2546.2,10.3,14.0,2.3,84.2
TURB002,FARM02,2026-01-01T19:30:00Z,2026-01-01T19:48:00Z,2600.7,10.4,14.4,2.8,83.2
TURB002,FARM02,2026-01-01T19:35:00Z,2026-01-01T19:37:00Z,2633.8,10.6,13.8,2.2,83.1
TURB002,FARM02,2026-01-01T19:40:00Z,2026-01-01T19:42:00Z,2588.4,9.9,14.4,3.1,82.5
TURB002,FARM02,2026-01-01T19:45:00Z,2026-01-01T19:46:00Z,2657.3,10.7,14.6,2.2,82.5
TURB002,FARM02,2026-01-01T19:55:00Z,2026-01-01T20:06:00Z,2388.0,9.4,14.3,2.7,82.0
TURB002,FARM02,2026-01-01T20:00:00Z,2026-01-01T20:04:00Z,2745.3,11.2,14.3,2.9,85.2
TURB002,FARM02,2026-01-01T20:05:00Z,2026-01-01T20:27:00Z,2366.6,9.1,12.9,2.8,79.5
TURB002,FARM02,2026-01-01T20:10:00Z,2026-01-01T20:28:00Z,2465.6,10.1,13.6,2.6,83.3
TURB002,FARM02,2026-01-01T20:15:00Z,2026-01-01T20:26:00Z,2278.0,8.9,14.1,3.5,84.1
TURB002,FARM02,2026-01-01T20:20:00Z,2026-01-01T20:21:00Z,2447.4,9.7,13.2,2.7,80.0
TURB002,FARM02,2026-01-01T20:25:00Z,2026-01-01T20:27:00Z,2654.8,10.7,15.3,2.3,86.3
TURB002,FARM02,2026-01-01T20:30:00Z,2026-01-01T20:37:00Z,2252.9,8.5,14.0,4.5,84.8
TURB002,FARM02,2026-01-01T20:35:00Z,2026-01-01T20:46:00Z,2649.3,10.4,15.0,2.7,86.2
TURB002,FARM02,2026-01-01T20:40:00Z,2026-01-01T20:41:00Z,2493.0,10.0,13.8,3.7,83.3
TURB002,FARM02,2026-01-01T20:45:00Z,2026-01-01T20:56:00Z,2455.7,9.4,13.6,3.8,80.8
TURB002,FARM02,2026-01-01T20:50:00Z,2026-01-01T20:52:00Z,2618.4,10.5,13.4,2.6,83.3
TURB002,FARM02,2026-01-01T20:55:00Z,2026-01-01T21:06:00Z,2223.1,8.7,13.1,3.3,83.0
TURB002,FARM02,2026-01-01T21:00:00Z,2026-01-01T21:18:00Z,2270.3,8.6,14.1,3.9,85.0
TURB002,FARM02,2026-01-01T21:05:00Z,2026-01-01T21:07:00Z,2172.1,8.1,12.9,3.4,81.8
TURB002,FARM02,2026-01-01T21:10:00Z,2026-01-01T21:12:00Z,2288.3,8.7,13.0,2.8,81.3
TURB002,FARM02,2026-01-01T21:15:00Z,2026-01-01T21:17:00Z,2462.4,9.9,13.2,2.8,82.4
TURB002,FARM02,2026-01-01T21:20:00Z,2026-01-01T21:31:00Z,2317.0,9.4,13.0,2.7,81.3
TURB002,FARM02,2026-01-01T21:25:00Z,2026-01-01T21:26:00Z,2434.3,9.3,14.6,3.5,83.0
TURB002,FARM02,2026-01-01T21:30:00Z,2026-01-01T21:32:00Z,2372.6,9.4,14.5,3.4,84.8
TURB002,FARM02,2026-01-01T21:35:00Z,2026-01-01T21:53:00Z,2137.9,7.9,13.2,3.8,81.2
TURB002,FARM02,2026-01-01T21:40:00Z,2026-01-01T21:44:00Z,2000.7,8.1,12.3,4.5,82.2
TURB002,FARM02,2026-01-01T21:45:00Z,2026-01-01T22:03:00Z,1979.6,7.3,12.5,4.2,81.9
TURB002,FARM02,2026-01-01T21:50:00Z,2026-01-01T21:51:00Z,2008.6,7.8,13.0,3.9,81.1
TURB002,FARM02,2026-01-01T21:55:00Z,2026-01-01T21:56:00Z,2109.4,7.8,12.9,4.2,81.5
TURB002,FARM02,2026-01-01T22:00:00Z,2026-01-01T22:04:00Z,1889.0,7.6,11.8,3.9,78.0
TURB002,FARM02,2026-01-01T22:05:00Z,2026-01-01T22:09:00Z,1973.4,7.9,12.0,3.3,81.8
TURB002,FARM02,2026-01-01T22:10:00Z,2026-01-01T22:28:00Z,2173.2,8.5,13.6,3.8,83.7
TURB002,FARM02,2026-01-01T22:15:00Z,2026-01-01T22:26:00Z,2214.9,8.8,13.1,2.8,82.7
TURB002,FARM02,2026-01-01T22:20:00Z,2026-01-01T22:21:00Z,2307.7,8.9,13.9,4.1,81.4
TURB002,FARM02,2026-01-01T22:25:00Z,2026-01-01T22:26:00Z,2213.2,8.5,12.8,3.7,81.2
TURB002,FARM02,2026-01-01T22:30:00Z,2026-01-01T22:34:00Z,1931.3,7.0,12.8,4.5,83.2
TURB002,FARM02,2026-01-01T22:35:00Z,2026-01-01T22:37:00Z,2114.3,7.8,13.5,3.6,82.6
TURB002,FARM02,2026-01-01T22:40:00Z,2026-01-01T22:42:00Z,2185.5,8.2,13.0,4.2,81.5
TURB002,FARM02,2026-01-01T22:45:00Z,2026-01-01T22:46:00Z,2250.5,8.4,14.1,2.9,81.5
TURB002,FARM02,2026-01-01T22:50:00Z,2026-01-01T22:57:00Z,2077.6,8.4,12.6,3.9,80.4
TURB002,FARM02,2026-01-01T22:55:00Z,2026-01-01T22:56:00Z,2066.3,7.9,13.1,3.2,80.6
TURB002,FARM02,2026-01-01T23:00:00Z,2026-01-01T23:07:00Z,1978.9,7.3,12.5,3.9,78.7
TURB002,FARM02,2026-01-01T23:05:00Z,2026-01-01T23:12:00Z,1946.2,7.4,12.7,4.9,82.4
TURB002,FARM02,2026-01-01T23:10:00Z,2026-01-01T23:12:00Z,2180.8,8.7,13.3,3.6,80.1
TURB002,FARM02,2026-01-01T23:15:00Z,2026-01-01T23:26:00Z,2173.4,7.9,13.6,4.0,82.0
TURB002,FARM02,2026-01-01T23:20:00Z,2026-01-01T23:21:00Z,2203.1,8.6,12.4,3.7,80.7
TURB002,FARM02,2026-01-01T23:25:00Z,2026-01-01T23:27:00Z,1860.7,6.8,12.6,4.9,82.4
TURB002,FARM02,2026-01-01T23:30:00Z,2026-01-01T23:42:00Z,1889.6,7.0,11.4,5.1,79.3
TURB002,FARM02,2026-01-01T23:35:00Z,2026-01-01T23:36:00Z,2054.9,7.7,13.4,4.4,83.1
TURB002,FARM02,2026-01-01T23:45:00Z,2026-01-01T23:49:00Z,1871.7,6.9,11.4,5.0,78.3
TURB002,FARM02,2026-01-01T23:50:00Z,2026-01-01T23:51:00Z,1855.7,6.7,11.8,3.9,80.5
TURB002,FARM02,2026-01-01T23:55:00Z,2026-01-02T00:13:00Z,1841.9,7.2,11.5,4.2,79.0
TURB002,FARM02,2026-01-02T00:00:00Z,2026-01-02T00:02:00Z,2143.1,7.9,12.9,4.4,79.9
TURB002,FARM02,2026-01-02T00:05:00Z,2026-01-02T00:09:00Z,1704.3,6.6,11.2,4.3,79.9
TURB002,FARM02,2026-01-02T00:10:00Z,2026-01-02T00:11:00Z,2191.2,8.4,13.5,3.9,80.7
TURB002,FARM02,2026-01-02T00:15:00Z,2026-01-02T00:17:00Z,1828.9,6.3,12.4,5.0,78.7
TURB002,FARM02,2026-01-02T00:20:00Z,2026-01-02T00:21:00Z,1819.3,6.8,11.6,4.1,78.4
TURB002,FARM02,2026-01-02T00:25:00Z,2026-01-02T00:26:00Z,1806.7,6.7,11.5,3.9,80.7
TURB002,FARM02,2026-01-02T00:30:00Z,2026-01-02T00:34:00Z,1815.9,6.5,11.8,4.3,78.0
TURB002,FARM02,2026-01-02T00:35:00Z,2026-01-02T00:36:00Z,1951.0,7.4,11.9,3.9,81.2
TURB002,FARM02,2026-01-02T00:40:00Z,2026-01-02T00:51:00Z,1688.1,6.3,11.9,4.9,78.0
TURB002,FARM02,2026-01-02T00:45:00Z,2026-01-02T01:03:00Z,1941.8,7.0,12.7,5.0,81.5
TURB002,FARM02,2026-01-02T00:50:00Z,2026-01-02T00:51:00Z,2004.4,7.5,12.2,4.6,81.1
TURB002,FARM02,2026-01-02T00:55:00Z,2026-01-02T01:13:00Z,2254.6,8.4,13.6,3.7,81.1
TURB002,FARM02,2026-01-02T01:00:00Z,2026-01-02T01:02:00Z,1714.3,6.2,11.5,4.9,80.0
TURB002,FARM02,2026-01-02T01:05:00Z,2026-01-02T01:12:00Z,1760.9,6.3,12.7,4.2,80.5
TURB002,FARM02,2026-01-02T01:10:00Z,2026-01-02T01:17:00Z,2125.8,7.9,13.6,3.9,80.7
TURB002,FARM02,2026-01-02T01:15:00Z,2026-01-02T01:16:00Z,1983.5,7.2,13.1,3.9,81.1
TURB002,FARM02,2026-01-02T01:20:00Z,2026-01-02T01:24:00Z,1855.9,7.0,12.7,3.7,81.3
TURB002,FARM02,2026-01-02T01:25:00Z,2026-01-02T01:43:00Z,1958.0,7.3,12.3,4.1,80.8
TURB002,FARM02,2026-01-02T01:30:00Z,2026-01-02T01:37:00Z,1772.0,6.2,11.3,5.0,78.3
TURB002,FARM02,2026-01-02T01:35:00Z,2026-01-02T01:53:00Z,2008.1,7.4,12.0,4.4,78.2
TURB002,FARM02,2026-01-02T01:40:00Z,2026-01-02T01:44:00Z,1763.6,6.3,12.1,4.4,78.4
TURB002,FARM02,2026-01-02T01:45:00Z,2026-01-02T02:00:00Z,2175.0,8.4,12.3,3.1,81.6
TURB002,FARM02,2026-01-02T01:50:00Z,2026-01-02T01:51:00Z,2034.6,7.3,12.8,3.6,82.5
TURB002,FARM02,2026-01-02T01:55:00Z,2026-01-02T02:13:00Z,2127.6,8.0,13.2,3.8,81.0
TURB002,FARM02,2026-01-02T02:00:00Z,2026-01-02T02:04:00Z,1900.5,6.6,12.4,4.2,80.9
TURB002,FARM02,2026-01-02T02:05:00Z,2026-01-02T02:06:00Z,2306.1,8.4,14.0,4.1,84.9
TURB002,FARM02,2026-01-02T02:10:00Z,2026-01-02T02:11:00Z,1966.6,7.7,12.7,4.6,82.5
TURB002,FARM02,2026-01-02T02:15:00Z,2026-01-02T02:16:00Z,1707.4,6.2,12.0,5.5,78.2
TURB002,FARM02,2026-01-02T02:20:00Z,2026-01-02T02:31:00Z,1861.5,6.8,12.6,4.3,80.1
TURB002,FARM02,2026-01-02T02:25:00Z,2026-01-02T02:32:00Z,1937.0,7.3,11.9,3.7,78.3
TURB002,FARM02,2026-01-02T02:30:00Z,2026-01-02T02:31:00Z,2073.5,8.3,12.4,4.6,81.2
TURB002,FARM02,2026-01-02T02:35:00Z,2026-01-02T02:37:00Z,2112.8,7.9,12.1,4.6,80.7
TURB002,FARM02,2026-01-02T02:40:00Z,2026-01-02T02:51:00Z,1868.0,6.5,12.3,4.4,80.2
TURB002,FARM02,2026-01-02T02:45:00Z,2026-01-02T02:47:00Z,2059.7,7.9,12.8,3.8,82.4
TURB002,FARM02,2026-01-02T02:50:00Z,2026-01-02T02:54:00Z,1844.2,6.9,12.5,4.5,82.0
TURB002,FARM02,2026-01-02T02:55:00Z,2026-01-02T03:02:00Z,2008.4,7.5,12.7,3.9,82.9
TURB002,FARM02,2026-01-02T03:00:00Z,2026-01-02T03:04:00Z,1886.2,6.8,12.2,4.7,78.7
TURB002,FARM02,2026-01-02T03:05:00Z,2026-01-02T03:06:00Z,1983.7,7.7,11.9,4.7,78.0
TURB002,FARM02,2026-01-02T03:10:00Z,2026-01-02T03:11:00Z,2221.0,8.3,13.1,3.9,82.2
TURB002,FARM02,2026-01-02T03:15:00Z,2026-01-02T03:19:00Z,2046.0,7.8,12.8,3.9,82.1
TURB002,FARM02,2026-01-02T03:20:00Z,2026-01-02T03:24:00Z,2200.0,10.7,12.8,3.8,126.5
TURB002,FARM02,2026-01-02T03:25:00Z,2026-01-02T03:26:00Z,2200.0,10.7,12.8,3.8,126.5
TURB002,FARM02,2026-01-02T03:30:00Z,2026-01-02T03:32:00Z,2200.0,10.7,12.8,3.8,126.5
TURB002,FARM02,2026-01-02T03:35:00Z,2026-01-02T03:37:00Z,2160.0,8.3,12.7,3.4,81.9
TURB002,FARM02,2026-01-02T03:40:00Z,2026-01-02T03:42:00Z,2146.7,8.5,12.9,3.2,82.6
TURB002,FARM02,2026-01-02T03:45:00Z,2026-01-02T03:47:00Z,2270.3,8.9,14.1,3.3,81.8
TURB002,FARM02,2026-01-02T03:50:00Z,2026-01-02T03:52:00Z,2367.2,9.1,14.0,3.3,82.8
TURB002,FARM02,2026-01-02T03:55:00Z,2026-01-02T03:56:00Z,2079.4,7.6,13.1,3.8,82.3
TURB002,FARM02,2026-01-02T04:00:00Z,2026-01-02T04:02:00Z,2010.9,7.2,12.4,4.2,80.4
TURB002,FARM02,2026-01-02T04:05:00Z,2026-01-02T04:06:00Z,2201.7,8.1,13.4,3.8,80.8
TURB002,FARM02,2026-01-02T04:10:00Z,2026-01-02T04:11:00Z,2127.2,7.9,13.4,3.7,81.6
TURB002,FARM02,2026-01-02T04:15:00Z,2026-01-02T04:19:00Z,2026.2,7.5,12.7,3.9,82.4
TURB002,FARM02,2026-01-02T04:20:00Z,2026-01-02T04:22:00Z,2093.2,8.2,12.5,3.2,81.4
TURB002,FARM02,2026-01-02T04:25:00Z,2026-01-02T04:27:00Z,2388.1,9.2,13.8,2.9,82.2
TURB002,FARM02,2026-01-02T04:30:00Z,2026-01-02T04:31:00Z,2082.4,8.3,12.1,3.0,78.2
TURB002,FARM02,2026-01-02T04:35:00Z,2026-01-02T04:36:00Z,2262.6,9.2,13.3,3.7,81.1
TURB002,FARM02,2026-01-02T04:40:00Z,2026-01-02T04:41:00Z,2078.3,7.8,12.9,4.6,80.3
TURB002,FARM02,2026-01-02T04:45:00Z,2026-01-02T04:47:00Z,2370.5,9.4,13.0,3.8,80.0
TURB002,FARM02,2026-01-02T04:50:00Z,2026-01-02T05:08:00Z,2587.5,10.0,14.4,2.6,83.9
TURB002,FARM02,2026-01-02T04:55:00Z,2026-01-02T05:02:00Z,2541.4,10.1,13.7,2.9,84.3
TURB002,FARM02,2026-01-02T05:05:00Z,2026-01-02T05:06:00Z,2239.2,8.6,13.8,3.3,81.2
TURB002,FARM02,2026-01-02T05:10:00Z,2026-01-02T05:12:00Z,2349.0,8.7,13.9,3.1,81.4
TURB002,FARM02,2026-01-02T05:15:00Z,2026-01-02T05:17:00Z,2433.9,9.6,13.2,3.2,80.5
TURB002,FARM02,2026-01-02T05:20:00Z,2026-01-02T05:21:00Z,2330.0,9.7,13.1,3.1,80.8
TURB002,FARM02,2026-01-02T05:25:00Z,2026-01-02T05:26:00Z,2358.4,9.7,13.4,3.1,83.8
TURB002,FARM02,2026-01-02T05:30:00Z,2026-01-02T05:31:00Z,2717.7,10.7,14.7,2.4,85.4
TURB002,FARM02,2026-01-02T05:35:00Z,2026-01-02T05:36:00Z,2548.1,9.7,14.7,3.1,84.3
TURB002,FARM02,2026-01-02T05:40:00Z,2026-01-02T05:55:00Z,2412.8,9.9,13.0,3.8,82.8
TURB002,FARM02,2026-01-02T05:45:00Z,2026-01-02T05:52:00Z,2484.9,10.3,14.0,3.1,85.1
TURB002,FARM02,2026-01-02T05:50:00Z,2026-01-02T05:51:00Z,2221.8,8.9,13.3,3.9,82.7
TURB002,FARM02,2026-01-02T05:55:00Z,2026-01-02T06:02:00Z,2691.9,11.1,15.0,2.2,84.6
TURB002,FARM02,2026-01-02T06:00:00Z,2026-01-02T06:01:00Z,2483.8,10.0,14.8,2.9,83.5
TURB002,FARM02,2026-01-02T06:05:00Z,2026-01-02T06:09:00Z,2660.2,10.7,14.6,2.7,82.6
TURB002,FARM02,2026-01-02T06:10:00Z,2026-01-02T06:17:00Z,2529.5,10.2,15.1,3.4,87.0
TURB002,FARM02,2026-01-02T06:15:00Z,2026-01-02T06:33:00Z,2426.4,9.2,14.2,2.6,82.0
TURB002,FARM02,2026-01-02T06:20:00Z,2026-01-02T06:30:00Z,2804.3,11.5,15.6,2.4,87.1
TURB002,FARM02,2026-01-02T06:25:00Z,2026-01-02T06:27:00Z,2734.5,11.1,14.6,1.8,86.0
TURB002,FARM02,2026-01-02T06:30:00Z,2026-01-02T06:31:00Z,2645.2,11.1,13.9,2.0,81.4
TURB002,FARM02,2026-01-02T06:35:00Z,2026-01-02T06:53:00Z,2513.9,10.5,13.7,2.9,84.0
TURB002,FARM02,2026-01-02T06:40:00Z,2026-01-02T06:51:00Z,2686.6,11.0,14.8,1.9,83.5
TURB002,FARM02,2026-01-02T06:45:00Z,2026-01-02T06:47:00Z,2686.9,10.4,15.2,3.0,83.9
TURB002,FARM02,2026-01-02T06:50:00Z,2026-01-02T07:01:00Z,2771.9,11.6,15.1,2.1,83.7
TURB002,FARM02,2026-01-02T06:55:00Z,2026-01-02T06:57:00Z,2534.2,10.2,13.9,2.4,82.1
TURB002,FARM02,2026-01-02T07:00:00Z,2026-01-02T07:18:00Z,2485.3,10.1,14.8,3.2,85.7
TURB002,FARM02,2026-01-02T07:05:00Z,2026-01-02T07:09:00Z,2484.7,10.1,13.1,3.7,82.6
TURB002,FARM02,2026-01-02T07:10:00Z,2026-01-02T07:14:00Z,2701.2,11.0,15.2,3.0,86.2
TURB002,FARM02,2026-01-02T07:15:00Z,2026-01-02T07:17:00Z,2699.9,11.4,14.7,3.1,84.9
TURB002,FARM02,2026-01-02T07:20:00Z,2026-01-02T07:31:00Z,2877.0,11.9,15.4,1.5,87.0
TURB002,FARM02,2026-01-02T07:25:00Z,2026-01-02T07:32:00Z,2464.3,10.3,13.7,2.3,82.8
TURB002,FARM02,2026-01-02T07:30:00Z,2026-01-02T07:32:00Z,3076.2,12.5,16.4,2.0,87.3
TURB002,FARM02,2026-01-02T07:35:00Z,2026-01-02T07:53:00Z,2762.4,11.1,14.1,3.0,84.1
TURB002,FARM02,2026-01-02T07:40:00Z,2026-01-02T07:55:00Z,2679.3,10.9,14.9,1.9,85.4
TURB002,FARM02,2026-01-02T07:45:00Z,2026-01-02T07:47:00Z,2860.0,11.4,15.4,2.8,84.0
TURB002,FARM02,2026-01-02T07:50:00Z,2026-01-02T08:08:00Z,2621.9,11.1,13.7,2.6,81.1
TURB002,FARM02,2026-01-02T07:55:00Z,2026-01-02T07:56:00Z,2902.9,12.2,15.0,1.6,85.7
TURB002,FARM02,2026-01-02T08:00:00Z,2026-01-02T08:02:00Z,2768.0,11.6,14.2,2.7,85.1
TURB002,FARM02,2026-01-02T08:05:00Z,2026-01-02T08:23:00Z,2690.3,11.1,14.8,1.8,84.5
TURB002,FARM02,2026-01-02T08:10:00Z,2026-01-02T08:14:00Z,2756.0,11.4,14.6,2.3,83.1
TURB002,FARM02,2026-01-02T08:15:00Z,2026-01-02T08:33:00Z,2721.7,11.6,14.2,2.6,81.9
TURB002,FARM02,2026-01-02T08:20:00Z,2026-01-02T08:22:00Z,2942.1,12.3,14.7,1.8,86.0
TURB002,FARM02,2026-01-02T08:25:00Z,2026-01-02T08:27:00Z,3048.9,12.7,15.7,1.4,85.8
TURB002,FARM02,2026-01-02T08:30:00Z,2026-01-02T08:32:00Z,3137.0,12.8,16.3,1.5,88.2
TURB002,FARM02,2026-01-02T08:35:00Z,2026-01-02T08:36:00Z,2967.4,12.0,15.1,1.7,86.8
TURB002,FARM02,2026-01-02T08:40:00Z,2026-01-02T08:51:00Z,2954.6,12.5,14.6,2.7,85.2
TURB002,FARM02,2026-01-02T08:45:00Z,2026-01-02T08:47:00Z,3068.4,12.9,15.6,2.3,87.4
TURB002,FARM02,2026-01-02T08:50:00Z,2026-01-02T08:57:00Z,2856.1,11.8,15.6,2.5,85.6
TURB002,FARM02,2026-01-02T08:55:00Z,2026-01-02T09:13:00Z,2978.1,12.4,15.7,1.3,86.2
TURB002,FARM02,2026-01-02T09:00:00Z,2026-01-02T09:11:00Z,3355.9,13.9,16.7,0.6,87.9
TURB002,FARM02,2026-01-02T09:05:00Z,2026-01-02T09:23:00Z,2931.5,12.3,16.1,2.2,87.7
TURB002,FARM02,2026-01-02T09:10:00Z,2026-01-02T09:12:00Z,3277.7,14.1,16.1,0.5,86.6
TURB002,FARM02,2026-01-02T09:15:00Z,2026-01-02T09:22:00Z,3177.3,13.9,15.5,1.9,86.8
TURB002,FARM02,2026-01-02T09:20:00Z,2026-01-02T09:22:00Z,3292.4,14.2,15.7,1.0,86.7
TURB002,FARM02,2026-01-02T09:25:00Z,2026-01-02T09:37:00Z,3220.3,13.7,16.6,1.5,88.8
TURB002,FARM02,2026-01-02T09:30:00Z,2026-01-02T09:32:00Z,3286.0,13.5,16.3,1.9,88.4
TURB002,FARM02,2026-01-02T09:35:00Z,2026-01-02T09:46:00Z,3360.0,14.1,16.9,0.9,89.9
TURB002,FARM02,2026-01-02T09:40:00Z,2026-01-02T09:41:00Z,3061.4,13.0,14.9,1.5,84.8
TURB002,FARM02,2026-01-02T09:45:00Z,2026-01-02T09:52:00Z,3212.9,13.5,16.1,2.0,88.6
TURB002,FARM02,2026-01-02T09:50:00Z,2026-01-02T10:08:00Z,3360.0,14.4,17.4,1.6,91.0
TURB002,FARM02,2026-01-02T09:55:00Z,2026-01-02T09:57:00Z,2973.5,12.7,15.4,1.3,87.5
TURB002,FARM02,2026-01-02T10:00:00Z,2026-01-02T10:01:00Z,3182.9,13.2,16.3,1.6,88.7
TURB002,FARM02,2026-01-02T10:05:00Z,2026-01-02T10:23:00Z,3208.0,13.4,16.9,1.6,86.8
TURB002,FARM02,2026-01-02T10:10:00Z,2026-01-02T10:17:00Z,3360.0,14.5,15.7,0.6,84.3
TURB002,FARM02,2026-01-02T10:15:00Z,2026-01-02T10:33:00Z,3255.6,13.8,15.9,1.6,85.8
TURB002,FARM02,2026-01-02T10:20:00Z,2026-01-02T10:22:00Z,3345.7,13.9,16.4,2.0,86.7
TURB002,FARM02,2026-01-02T10:25:00Z,2026-01-02T10:43:00Z,3349.0,14.0,17.3,1.7,87.1
TURB002,FARM02,2026-01-02T10:30:00Z,2026-01-02T10:32:00Z,3360.0,15.3,17.3,0.2,89.1
TURB002,FARM02,2026-01-02T10:35:00Z,2026-01-02T10:36:00Z,3360.0,15.0,17.3,1.1,87.6
TURB002,FARM02,2026-01-02T10:40:00Z,2026-01-02T10:41:00Z,3360.0,15.5,17.3,0.6,88.5
TURB002,FARM02,2026-01-02T10:45:00Z,2026-01-02T10:49:00Z,3360.0,14.7,17.7,0.4,89.4
TURB002,FARM02,2026-01-02T10:50:00Z,2026-01-02T10:57:00Z,3200.2,13.4,15.0,2.2,86.2
TURB002,FARM02,2026-01-02T10:55:00Z,2026-01-02T10:59:00Z,3289.1,13.5,17.0,1.6,88.5
TURB002,FARM02,2026-01-02T11:00:00Z,2026-01-02T11:02:00Z,3360.0,14.4,16.1,1.8,88.9
TURB002,FARM02,2026-01-02T11:05:00Z,2026-01-02T11:23:00Z,3360.0,15.2,17.5,1.4,88.6
TURB002,FARM02,2026-01-02T11:10:00Z,2026-01-02T11:12:00Z,3360.0,15.5,16.5,0.7,86.8
TURB002,FARM02,2026-01-02T11:15:00Z,2026-01-02T11:17:00Z,3355.1,14.4,15.8,0.4,86.9
TURB002,FARM02,2026-01-02T11:20:00Z,2026-01-02T11:21:00Z,3360.0,15.3,17.6,0.2,87.8
TURB002,FARM02,2026-01-02T11:25:00Z,2026-01-02T11:26:00Z,3360.0,15.8,17.1,0.5,89.1
TURB002,FARM02,2026-01-02T11:30:00Z,2026-01-02T11:37:00Z,3360.0,15.7,17.0,0.0,89.9
TURB002,FARM02,2026-01-02T11:35:00Z,2026-01-02T11:37:00Z,3192.2,13.5,15.7,1.2,86.0
TURB002,FARM02,2026-01-02T11:40:00Z,2026-01-02T11:51:00Z,3360.0,15.3,16.9,1.5,89.6
TURB002,FARM02,2026-01-02T11:50:00Z,2026-01-02T11:54:00Z,3360.0,15.3,16.9,1.2,88.7
TURB002,FARM02,2026-01-02T11:55:00Z,2026-01-02T12:06:00Z,3360.0,14.7,17.5,1.7,87.5
TURB002,FARM02,2026-01-02T12:05:00Z,2026-01-02T12:07:00Z,3267.4,13.8,16.0,2.0,86.5
TURB002,FARM02,2026-01-02T12:10:00Z,2026-01-02T12:14:00Z,3360.0,14.1,17.0,0.9,88.5
TURB002,FARM02,2026-01-02T12:15:00Z,2026-01-02T12:16:00Z,3360.0,15.7,16.9,0.6,88.2
TURB002,FARM02,2026-01-02T12:20:00Z,2026-01-02T12:24:00Z,3231.6,14.0,15.9,1.5,87.2
TURB002,FARM02,2026-01-02T12:25:00Z,2026-01-02T12:29:00Z,3360.0,14.7,16.7,1.3,86.9
TURB002,FARM02,2026-01-02T12:30:00Z,2026-01-02T12:41:00Z,3360.0,14.9,17.7,1.1,89.2
TURB002,FARM02,2026-01-02T12:35:00Z,2026-01-02T12:36:00Z,3360.0,15.8,17.6,0.4,90.3
TURB002,FARM02,2026-01-02T12:40:00Z,2026-01-02T12:42:00Z,3360.0,15.8,16.7,0.0,87.2
TURB002,FARM02,2026-01-02T12:45:00Z,2026-01-02T12:46:00Z,3360.0,14.6,15.8,0.8,86.9
TURB002,FARM02,2026-01-02T12:50:00Z,2026-01-02T12:52:00Z,3360.0,14.4,16.6,1.8,87.9
TURB002,FARM02,2026-01-02T12:55:00Z,2026-01-02T12:59:00Z,3360.0,15.6,17.4,0.1,88.5
TURB002,FARM02,2026-01-02T13:00:00Z,2026-01-02T13:02:00Z,3360.0,14.4,16.9,0.9,88.5
TURB002,FARM02,2026-01-02T13:05:00Z,2026-01-02T13:07:00Z,3231.3,13.7,16.2,1.2,87.0
TURB002,FARM02,2026-01-02T13:10:00Z,2026-01-02T13:11:00Z,3318.9,13.9,15.6,0.9,84.8
TURB002,FARM02,2026-01-02T13:15:00Z,2026-01-02T13:22:00Z,3360.0,14.7,17.6,0.4,88.0
TURB002,FARM02,2026-01-02T13:20:00Z,2026-01-02T13:27:00Z,3360.0,14.5,16.3,1.6,88.9
TURB002,FARM02,2026-01-02T13:25:00Z,2026-01-02T13:27:00Z,3249.0,14.1,16.0,1.6,85.2
TURB002,FARM02,2026-01-02T13:30:00Z,2026-01-02T13:31:00Z,3360.0,15.4,16.7,0.2,89.9
TURB002,FARM02,2026-01-02T13:35:00Z,2026-01-02T13:36:00Z,3248.5,13.8,16.8,1.8,86.3
TURB002,FARM02,2026-01-02T13:40:00Z,2026-01-02T13:41:00Z,3360.0,14.8,17.6,0.2,88.7
TURB002,FARM02,2026-01-02T13:45:00Z,2026-01-02T13:52:00Z,3360.0,15.6,18.0,0.1,91.9
TURB002,FARM02,2026-01-02T13:50:00Z,2026-01-02T13:57:00Z,3215.0,13.7,15.4,1.8,84.9
TURB002,FARM02,2026-01-02T13:55:00Z,2026-01-02T13:56:00Z,3316.0,14.0,16.3,1.7,86.3
TURB002,FARM02,2026-01-02T14:00:00Z,2026-01-02T14:02:00Z,3360.0,15.6,17.7,0.6,90.7
TURB002,FARM02,2026-01-02T14:05:00Z,2026-01-02T14:23:00Z,3360.0,15.8,17.4,1.3,87.6
TURB002,FARM02,2026-01-02T14:10:00Z,2026-01-02T14:17:00Z,3355.1,14.4,16.7,1.0,89.9
TURB002,FARM02,2026-01-02T14:20:00Z,2026-01-02T14:27:00Z,3360.0,15.9,17.3,0.5,88.6
TURB002,FARM02,2026-01-02T14:25:00Z,2026-01-02T14:26:00Z,3242.7,13.7,15.4,0.8,86.8
TURB002,FARM02,2026-01-02T14:30:00Z,2026-01-02T14:48:00Z,3264.8,13.6,16.1,1.3,86.7
TURB002,FARM02,2026-01-02T14:35:00Z,2026-01-02T14:53:00Z,3338.2,13.9,16.1,2.1,86.6
TURB002,FARM02,2026-01-02T14:40:00Z,2026-01-02T14:51:00Z,3360.0,15.7,17.0,0.0,89.2
TURB002,FARM02,2026-01-02T14:45:00Z,2026-01-02T14:46:00Z,3360.0,14.4,16.9,0.5,86.8
TURB002,FARM02,2026-01-02T14:50:00Z,2026-01-02T14:52:00Z,3360.0,15.1,17.7,0.3,89.2
TURB002,FARM02,2026-01-02T14:55:00Z,2026-01-02T14:59:00Z,3360.0,14.7,17.7,0.4,91.0
TURB002,FARM02,2026-01-02T15:00:00Z,2026-01-02T15:11:00Z,3360.0,15.1,17.5,1.0,90.3
TURB002,FARM02,2026-01-02T15:05:00Z,2026-01-02T15:07:00Z,3332.8,14.0,16.7,2.0,89.8
TURB002,FARM02,2026-01-02T15:10:00Z,2026-01-02T15:12:00Z,3360.0,15.0,16.1,0.5,87.0
TURB002,FARM02,2026-01-02T15:15:00Z,2026-01-02T15:17:00Z,3085.9,13.1,16.3,2.2,87.2
TURB002,FARM02,2026-01-02T15:20:00Z,2026-01-02T15:21:00Z,3255.9,13.9,16.6,0.8,88.4
TURB002,FARM02,2026-01-02T15:25:00Z,2026-01-02T15:43:00Z,3360.0,14.6,16.7,1.0,87.8
TURB002,FARM02,2026-01-02T15:30:00Z,2026-01-02T15:31:00Z,3310.5,14.1,15.9,1.0,88.1
TURB002,FARM02,2026-01-02T15:35:00Z,2026-01-02T15:53:00Z,3360.0,15.3,17.8,0.1,89.7
TURB002,FARM02,2026-01-02T15:40:00Z,2026-01-02T15:42:00Z,3210.3,13.9,15.4,1.4,87.1
TURB002,FARM02,2026-01-02T15:45:00Z,2026-01-02T16:03:00Z,3197.0,14.0,15.6,1.6,86.0
TURB002,FARM02,2026-01-02T15:50:00Z,2026-01-02T15:51:00Z,3360.0,14.3,16.9,1.3,88.2
TURB002,FARM02,2026-01-02T15:55:00Z,2026-01-02T15:59:00Z,3203.1,13.6,16.1,2.2,87.4
TURB002,FARM02,2026-01-02T16:00:00Z,2026-01-02T16:01:00Z,3101.7,13.4,15.0,0.8,86.4
TURB002,FARM02,2026-01-02T16:05:00Z,2026-01-02T16:16:00Z,3360.0,14.4,16.8,0.9,87.8
TURB002,FARM02,2026-01-02T16:10:00Z,2026-01-02T16:11:00Z,3202.8,13.3,16.2,1.2,87.8
TURB002,FARM02,2026-01-02T16:15:00Z,2026-01-02T16:37:00Z,3299.6,14.5,15.9,0.5,86.7
TURB002,FARM02,2026-01-02T16:20:00Z,2026-01-02T16:27:00Z,3143.4,13.6,15.9,0.7,86.5
TURB002,FARM02,2026-01-02T16:25:00Z,2026-01-02T16:27:00Z,3070.5,13.2,15.6,1.8,87.4
TURB002,FARM02,2026-01-02T16:30:00Z,2026-01-02T16:37:00Z,3128.4,13.0,15.8,2.1,85.7
TURB002,FARM02,2026-01-02T16:35:00Z,2026-01-02T16:37:00Z,3312.6,14.5,16.0,1.3,88.7
TURB002,FARM02,2026-01-02T16:40:00Z,2026-01-02T16:41:00Z,2964.7,12.8,14.7,2.6,84.2
TURB002,FARM02,2026-01-02T16:45:00Z,2026-01-02T17:03:00Z,3278.3,13.8,16.3,1.5,86.4
TURB002,FARM02,2026-01-02T16:50:00Z,2026-01-02T16:54:00Z,3083.4,13.0,15.4,1.1,87.1
TURB002,FARM02,2026-01-02T16:55:00Z,2026-01-02T17:13:00Z,3112.5,12.9,15.8,1.3,86.0
TURB002,FARM02,2026-01-02T17:00:00Z,2026-01-02T17:02:00Z,3200.9,13.4,16.1,2.1,87.4
TURB002,FARM02,2026-01-02T17:05:00Z,2026-01-02T17:16:00Z,3092.9,13.1,15.3,2.4,86.4
TURB002,FARM02,2026-01-02T17:10:00Z,2026-01-02T17:12:00Z,3314.4,13.9,16.7,0.6,86.8
TURB002,FARM02,2026-01-02T17:15:00Z,2026-01-02T17:16:00Z,2882.2,11.9,15.5,1.9,85.6
TURB002,FARM02,2026-01-02T17:20:00Z,2026-01-02T17:22:00Z,3101.7,13.0,16.4,1.3,86.7
TURB002,FARM02,2026-01-02T17:25:00Z,2026-01-02T17:43:00Z,2990.8,12.4,14.6,1.5,83.4
TURB002,FARM02,2026-01-02T17:30:00Z,2026-01-02T17:34:00Z,3019.8,12.5,16.4,1.8,89.1
TURB002,FARM02,2026-01-02T17:35:00Z,2026-01-02T17:36:00Z,2742.0,11.6,14.5,2.8,84.7
TURB002,FARM02,2026-01-02T17:40:00Z,2026-01-02T17:44:00Z,3149.9,13.5,16.0,0.7,88.2
TURB002,FARM02,2026-01-02T17:45:00Z,2026-01-02T17:46:00Z,3221.7,13.2,16.7,1.5,87.4
TURB002,FARM02,2026-01-02T17:50:00Z,2026-01-02T17:51:00Z,2951.3,12.0,15.8,2.7,85.4
TURB002,FARM02,2026-01-02T17:55:00Z,2026-01-02T17:56:00Z,2947.0,12.2,15.9,2.8,88.4
TURB002,FARM02,2026-01-02T18:00:00Z,2026-01-02T18:11:00Z,2759.1,11.4,14.1,2.9,82.8
TURB002,FARM02,2026-01-02T18:05:00Z,2026-01-02T18:07:00Z,3023.5,12.7,16.1,2.5,85.8
TURB002,FARM02,2026-01-02T18:10:00Z,2026-01-02T18:17:00Z,3112.4,13.1,15.7,1.3,86.5
TURB002,FARM02,2026-01-02T18:15:00Z,2026-01-02T18:19:00Z,2886.2,12.3,14.6,2.1,84.2
TURB002,FARM02,2026-01-02T18:20:00Z,2026-01-02T18:21:00Z,3142.3,12.7,16.4,1.6,88.4
TURB002,FARM02,2026-01-02T18:25:00Z,2026-01-02T18:26:00Z,3002.0,12.0,16.0,1.4,87.7
TURB002,FARM02,2026-01-02T18:30:00Z,2026-01-02T18:37:00Z,2919.1,12.0,15.8,1.7,86.6
TURB002,FARM02,2026-01-02T18:35:00Z,2026-01-02T18:36:00Z,3016.5,12.5,15.8,2.0,85.4
TURB002,FARM02,2026-01-02T18:40:00Z,2026-01-02T18:42:00Z,2915.2,12.4,15.2,2.7,84.4
TURB002,FARM02,2026-01-02T18:45:00Z,2026-01-02T18:56:00Z,2682.1,10.8,15.2,2.1,85.1
TURB002,FARM02,2026-01-02T18:50:00Z,2026-01-02T19:01:00Z,2869.3,12.0,14.7,1.5,85.6
TURB002,FARM02,2026-01-02T18:55:00Z,2026-01-02T18:57:00Z,2867.3,12.2,15.0,1.9,86.6
TURB002,FARM02,2026-01-02T19:00:00Z,2026-01-02T19:07:00Z,2866.4,11.6,14.9,2.1,85.3
TURB002,FARM02,2026-01-02T19:10:00Z,2026-01-02T19:12:00Z,2627.1,10.8,13.6,2.0,83.1
TURB002,FARM02,2026-01-02T19:15:00Z,2026-01-02T19:17:00Z,2326.2,9.6,13.2,2.9,82.2
TURB002,FARM02,2026-01-02T19:20:00Z,2026-01-02T19:31:00Z,2766.5,10.8,15.4,3.2,86.8
TURB002,FARM02,2026-01-02T19:25:00Z,2026-01-02T19:32:00Z,2722.1,11.4,14.5,2.4,85.0
TURB002,FARM02,2026-01-02T19:30:00Z,2026-01-02T19:32:00Z,2789.4,11.3,14.2,2.3,82.4
TURB002,FARM02,2026-01-02T19:35:00Z,2026-01-02T19:36:00Z,2265.3,9.3,12.7,3.4,81.5
TURB002,FARM02,2026-01-02T19:40:00Z,2026-01-02T19:51:00Z,2769.7,11.6,14.3,2.7,82.6
TURB002,FARM02,2026-01-02T19:45:00Z,2026-01-02T19:46:00Z,2586.9,10.6,13.7,3.5,81.4
TURB002,FARM02,2026-01-02T19:50:00Z,2026-01-02T19:51:00Z,2678.4,10.8,14.4,3.4,83.7
TURB002,FARM02,2026-01-02T19:55:00Z,2026-01-02T20:13:00Z,2326.7,9.5,13.2,4.0,83.1
TURB002,FARM02,2026-01-02T20:00:00Z,2026-01-02T20:02:00Z,2500.6,9.8,13.8,2.7,81.8
TURB002,FARM02,2026-01-02T20:05:00Z,2026-01-02T20:23:00Z,2413.4,9.8,13.7,2.6,82.0
TURB002,FARM02,2026-01-02T20:10:00Z,2026-01-02T20:12:00Z,2597.4,10.9,14.3,2.9,83.7
TURB002,FARM02,2026-01-02T20:15:00Z,2026-01-02T20:26:00Z,2690.4,10.7,15.4,2.5,84.6
TURB002,FARM02,2026-01-02T20:20:00Z,2026-01-02T20:22:00Z,2516.5,10.3,13.8,2.2,81.1
TURB002,FARM02,2026-01-02T20:25:00Z,2026-01-02T20:26:00Z,2452.1,9.6,13.5,3.4,83.1
TURB002,FARM02,2026-01-02T20:30:00Z,2026-01-02T20:32:00Z,2201.8,8.4,13.1,3.6,83.7
TURB002,FARM02,2026-01-02T20:35:00Z,2026-01-02T20:42:00Z,2645.9,10.7,14.5,2.9,83.3
TURB002,FARM02,2026-01-02T20:40:00Z,2026-01-02T20:41:00Z,2480.7,10.4,13.5,2.6,82.6
TURB002,FARM02,2026-01-02T20:45:00Z,2026-01-02T20:52:00Z,2303.4,8.9,14.4,3.5,85.8
TURB002,FARM02,2026-01-02T20:50:00Z,2026-01-02T20:54:00Z,2587.0,10.3,13.8,3.5,83.4
TURB002,FARM02,2026-01-02T20:55:00Z,2026-01-02T20:57:00Z,2344.4,9.3,13.5,2.8,83.3
TURB002,FARM02,2026-01-02T21:00:00Z,2026-01-02T21:01:00Z,2358.6,9.3,14.5,3.6,83.8
TURB002,FARM02,2026-01-02T21:05:00Z,2026-01-02T21:23:00Z,2117.7,8.4,12.2,3.3,81.0
TURB002,FARM02,2026-01-02T21:10:00Z,2026-01-02T21:12:00Z,2054.8,7.9,12.5,4.3,80.7
TURB002,FARM02,2026-01-02T21:15:00Z,2026-01-02T21:19:00Z,2001.6,8.0,12.1,4.5,78.7
TURB002,FARM02,2026-01-02T21:20:00Z,2026-01-02T21:22:00Z,2246.8,9.0,13.8,3.0,84.9
TURB002,FARM02,2026-01-02T21:25:00Z,2026-01-02T21:26:00Z,2228.1,8.6,12.4,4.1,81.2
TURB002,FARM02,2026-01-02T21:30:00Z,2026-01-02T21:31:00Z,2259.4,8.2,13.9,3.2,82.7
TURB002,FARM02,2026-01-02T21:35:00Z,2026-01-02T21:53:00Z,2384.3,9.5,13.1,2.6,83.0
TURB002,FARM02,2026-01-02T21:40:00Z,2026-01-02T21:58:00Z,2186.1,8.9,13.0,3.8,80.8
TURB002,FARM02,2026-01-02T21:45:00Z,2026-01-02T21:47:00Z,2156.2,8.1,13.4,4.2,84.1
TURB002,FARM02,2026-01-02T21:50:00Z,2026-01-02T22:01:00Z,2446.4,9.4,14.3,3.0,84.9
TURB002,FARM02,2026-01-02T21:55:00Z,2026-01-02T21:56:00Z,1934.5,7.4,12.1,3.8,81.0
TURB002,FARM02,2026-01-02T22:00:00Z,2026-01-02T22:02:00Z,2344.2,9.2,12.9,3.8,80.6
TURB002,FARM02,2026-01-02T22:05:00Z,2026-01-02T22:07:00Z,1938.0,7.3,12.5,4.1,81.9
TURB002,FARM02,2026-01-02T22:10:00Z,2026-01-02T22:21:00Z,2020.4,7.9,12.0,3.7,78.7
TURB002,FARM02,2026-01-02T22:15:00Z,2026-01-02T22:17:00Z,2177.4,8.1,13.1,3.7,82.7
TURB002,FARM02,2026-01-02T22:20:00Z,2026-01-02T22:22:00Z,2076.1,8.0,12.7,3.2,80.4
TURB002,FARM02,2026-01-02T22:25:00Z,2026-01-02T22:26:00Z,2233.0,8.4,13.6,4.4,82.6
TURB002,FARM02,2026-01-02T22:35:00Z,2026-01-02T22:37:00Z,1926.3,7.4,12.5,4.8,80.5
TURB002,FARM02,2026-01-02T22:40:00Z,2026-01-02T22:41:00Z,2161.0,8.4,12.7,3.3,80.8
TURB002,FARM02,2026-01-02T22:45:00Z,2026-01-02T22:49:00Z,2276.0,8.9,13.4,3.5,82.0
TURB002,FARM02,2026-01-02T22:50:00Z,2026-01-02T23:08:00Z,2037.8,7.5,12.8,4.6,79.2
TURB002,FARM02,2026-01-02T22:55:00Z,2026-01-02T22:59:00Z,1915.7,7.0,11.7,4.2,77.6
TURB002,FARM02,2026-01-02T23:00:00Z,2026-01-02T23:12:00Z,2025.8,7.3,12.9,4.6,81.2
TURB002,FARM02,2026-01-02T23:05:00Z,2026-01-02T23:16:00Z,1871.2,7.0,11.5,5.1,78.0
TURB002,FARM02,2026-01-02T23:10:00Z,2026-01-02T23:21:00Z,1985.6,7.7,11.8,3.4,78.1
TURB002,FARM02,2026-01-02T23:15:00Z,2026-01-02T23:22:00Z,2276.7,8.5,14.1,3.8,83.4
TURB002,FARM02,2026-01-02T23:20:00Z,2026-01-02T23:22:00Z,2098.9,8.0,13.8,4.2,84.2
TURB002,FARM02,2026-01-02T23:25:00Z,2026-01-02T23:27:00Z,1775.5,6.3,11.2,3.9,80.3
TURB002,FARM02,2026-01-02T23:30:00Z,2026-01-02T23:32:00Z,2005.1,7.5,11.9,3.7,81.0
TURB002,FARM02,2026-01-02T23:35:00Z,2026-01-02T23:37:00Z,1760.2,6.4,12.5,4.0,80.4
TURB002,FARM02,2026-01-02T23:40:00Z,2026-01-02T23:42:00Z,2092.8,8.0,12.8,3.9,79.3
TURB002,FARM02,2026-01-02T23:45:00Z,2026-01-02T23:56:00Z,1766.2,6.7,12.3,5.0,78.5
TURB002,FARM02,2026-01-02T23:55:00Z,2026-01-02T23:59:00Z,2259.3,8.5,13.9,4.0,83.5
